vid,sample_name,fid,exp,iou
oaYIWYXFMqY_70000_80000,oaYIWYXFMqY_70000_80000_flute_3,4,The object making shorter sound duration than the handpan.,0
5FYG_Wtet7U_120000_130000,5FYG_Wtet7U_120000_130000_violin_5,0,The entity with the slowest tempo.,0
7pWa_kcAoMg_49000_59000,7pWa_kcAoMg_49000_59000_saxophone_4,0,The object being played by the man.,0
4rerQA8KMzM_10000_20000,4rerQA8KMzM_10000_20000_chair_3,4,The chair being sat by a woman.,0
F1x1ck3OySg_10000_20000,F1x1ck3OySg_10000_20000_guitar_1,0,The object making louder sound than the flute.,0
pNV8MKNqOkI_20000_30000,pNV8MKNqOkI_20000_30000_saxophone_4,0,On the left side of the guitar_the saxophone sat.,0
M6vnA5H5R1M_85000_95000,M6vnA5H5R1M_85000_95000_table_3,0,The object with a computer on it.,0
sfv_msSOYTo_10000_20000,sfv_msSOYTo_10000_20000_harp_5,0,The object with the slowest tempo.,0
F1x1ck3OySg_10000_20000,F1x1ck3OySg_10000_20000_flute_4,3,The object emitting a lower sound than the guitar.,0
ds3RKnNB-cY_8000_18000,ds3RKnNB-cY_8000_18000_couch_3,1,The couch seated by the man and the woman.,0
9ZQ-T83pfWk_65000_75000,9ZQ-T83pfWk_65000_75000_flute_1,2,The object making the loudest sound.,0
QNiHU290owU_55000_65000,QNiHU290owU_55000_65000_chair_3,0,The object on the right of the sounding object.,0
hYt2Qf438l8_40000_50000,hYt2Qf438l8_40000_50000_saxophone_1,1,The object making the shortest sound duration.,0
rzKjN2en0H8_830000_840000,rzKjN2en0H8_830000_840000_accordion_4,3,The object with the highest volume.,0
6WUjWMuoEhM_10000_20000,6WUjWMuoEhM_10000_20000_hair-dryer_6,0,The source of the audio.,0
QNiHU290owU_55000_65000,QNiHU290owU_55000_65000_chair_4,0,The object positioned to the right of the sounding marimba.,0
8cmMa2PUnvQ_30000_40000,8cmMa2PUnvQ_30000_40000_chair_5,1,The item beneath the woman.,0
lcOP60uXMeI_396000_406000,lcOP60uXMeI_396000_406000_piano_2,5,The object making the fastest rhythm.,0
cmNI6jiMKik_46000_56000,cmNI6jiMKik_46000_56000_clarinet_2,0,The object valume is louder over the time.,0
lcOP60uXMeI_198000_208000,lcOP60uXMeI_198000_208000_man_1,2,man.,0
2QKv1iBsTJM_190000_200000,2QKv1iBsTJM_190000_200000_man_4,1,The entity creating sound through instrument play.,0
lcOP60uXMeI_396000_406000,lcOP60uXMeI_396000_406000_clarinet_2,0,The sounding object on the right of the cello.,0
URZyjoh9lbc_500000_510000,URZyjoh9lbc_500000_510000_dog_6,0,The object to the left of the sounding woman.,0
ETmo71vP7tA_20000_30000,ETmo71vP7tA_20000_30000_clarinet_5,2,The object being played by the woman with long hair_producing sound.,0
tZbh1cwwfv0_222000_232000,tZbh1cwwfv0_222000_232000_piano_1,5,The object making the lowest sound.,0
2VqnoV67t0g_290000_300000,2VqnoV67t0g_290000_300000_marimba_3,0,The marimba played by a woman.,0
dRa7aBGnStU_82000_92000,dRa7aBGnStU_82000_92000_violin_2,0,The object that making a sound after the handpan.,0
xnx3u5YaNuc_402000_412000,xnx3u5YaNuc_402000_412000_clarinet_4,4,The loudest sounding object.,0
CCFZT2_TJr0_15000_25000,CCFZT2_TJr0_15000_25000_piano_5,4,The object producing a slower rhythm than the clarinet.,0
OGCyzmaM_kE_10000_20000,OGCyzmaM_kE_10000_20000_piano_1,4,The black piano.,0
WSy8ay1avew_60000_70000,WSy8ay1avew_60000_70000_chair_5,2,The object beneath the sounding man playing accordion.,0
zPMUL7f4OOU_420000_430000,zPMUL7f4OOU_420000_430000_violin_3,1,The object making the loudest sound.,0
hYt2Qf438l8_40000_50000,hYt2Qf438l8_40000_50000_saxophone_5,1,The object being played by the man_producing sound.,0
oaYIWYXFMqY_70000_80000,oaYIWYXFMqY_70000_80000_flute_5,4,Positioned to the right of the handpan_the sounding instrument sat.,0
pNV8MKNqOkI_20000_30000,pNV8MKNqOkI_20000_30000_clarinet_1,3,The clarinet on the right of the cello.,0
F1x1ck3OySg_10000_20000,F1x1ck3OySg_10000_20000_flute_1,3,The object making lower sound than the guitar.,0
79T0FclnIDw_0_10000,79T0FclnIDw_0_10000_woman_4,1,The sounding entity to the right of the boy.,0
lcOP60uXMeI_396000_406000,lcOP60uXMeI_396000_406000_clarinet_4,0,The instrument being played by the woman on the right.,0
lcOP60uXMeI_20000_30000,lcOP60uXMeI_20000_30000_clarinet_3,4,The object that keeps making sound at all times.,0
LdB5pW9c_N4_477000_487000,LdB5pW9c_N4_477000_487000_sitar_1,0,The object making the loudest sound.,0
sV1o5VmL-9g_824000_834000,sV1o5VmL-9g_824000_834000_man_6,0,The man emitted louder sounds than the dog.,0
dRa7aBGnStU_82000_92000,dRa7aBGnStU_82000_92000_violin_6,0,The object with a shorter duration of sound compared to the handpan.,0
TCcD-vOUtNc_99000_109000,TCcD-vOUtNc_99000_109000_chair_2,10,The chair seated by the woman on the right.,0
OPVEPq_r-vk_211000_221000,OPVEPq_r-vk_211000_221000_saxophone_3,1,The object being played by the man.,0
vifFbeL5rOo_9000_19000,vifFbeL5rOo_9000_19000_clarinet_3,0,The object making a sound by being played by the man standing.,0
WSy8ay1avew_60000_70000,WSy8ay1avew_60000_70000_chair_6,2,The object beneath the sounding accordion.,0
4rerQA8KMzM_10000_20000,4rerQA8KMzM_10000_20000_chair_6,4,The chair being occupied by a woman.,0
tZbh1cwwfv0_222000_232000,tZbh1cwwfv0_222000_232000_piano_4,5,The object emitting the lowest tones.,0
5FYG_Wtet7U_120000_130000,5FYG_Wtet7U_120000_130000_handpan_1,3,The object making a sound by being played by the man in red.,0
rozFJYWrLj0_120000_130000,rozFJYWrLj0_120000_130000_man_4,0,Generating lower tones than the woman_the sounding object sounded.,0
M6vnA5H5R1M_85000_95000,M6vnA5H5R1M_85000_95000_table_4,0,The object positioned behind the sounding erhu.,0
tMorLZku6Pc_194000_204000,tMorLZku6Pc_194000_204000_tabla_3,3,The tabla making no sound.,0
oRSCL3149fI_146000_156000,oRSCL3149fI_146000_156000_clarinet_3,1,The sounding object in front of the piano.,0
r4NdM595K5c_40000_50000,r4NdM595K5c_40000_50000_flute_6,2,Played by the man dressed in black_the instrument resounded.,0
QNiHU290owU_55000_65000,QNiHU290owU_55000_65000_chair_2,0,The chair appearing through the entire video.,0
ZU0JSxWk1Po_2000_12000,ZU0JSxWk1Po_2000_12000_guzheng_2,1,The sounding object on the right of the pipa.,0
OPVEPq_r-vk_211000_221000,OPVEPq_r-vk_211000_221000_saxophone_5,1,The entity producing sound through being played by the man.,0
QNiHU290owU_55000_65000,QNiHU290owU_55000_65000_chair_1,0,The object on the right of the sounding marimba.,0
Pe1LuVFTczE_358000_368000,Pe1LuVFTczE_358000_368000_pipa_5,3,The rhythm of the entity accelerating over time.,0
6tTLxIKVtfE_26000_36000,6tTLxIKVtfE_26000_36000_flute_3,2,The object that keeps making sound at all times.,0
5FYG_Wtet7U_120000_130000,5FYG_Wtet7U_120000_130000_handpan_2,3,The object making a sound by being played by the man sitting on the right side of the couch.,0
4k63MOSjOBw_21000_31000,4k63MOSjOBw_21000_31000_violin_2,0,The object that making a sound after the piano.,0
ZR3vnlhJuSE_101000_111000,ZR3vnlhJuSE_101000_111000_bass_4,0,The object producing intermittent sound.,0
79T0FclnIDw_0_10000,79T0FclnIDw_0_10000_couch_1,2,The couch staying still.,0
2QKv1iBsTJM_190000_200000,2QKv1iBsTJM_190000_200000_table_2,2,The table on the left of the sounding suona.,0
z3Q_mZgKLrM_20000_30000,z3Q_mZgKLrM_20000_30000_marimba_5,2,Near the saxophone_the sounding object stood.,0
oRSCL3149fI_87000_97000,oRSCL3149fI_87000_97000_clarinet_4,0,The object emitting the most intense sound.,0
sfv_msSOYTo_10000_20000,sfv_msSOYTo_10000_20000_harp_4,0,The woman's played object emitting sound.,0
tMorLZku6Pc_194000_204000,tMorLZku6Pc_194000_204000_tabla_6,3,The tablas remained silent.,0
4YLjVRZHoZI_1750000_1760000,4YLjVRZHoZI_1750000_1760000_violin_2,9,The object rhythm is slower over the time.,0
lcOP60uXMeI_396000_406000,lcOP60uXMeI_396000_406000_piano_1,5,The object making a sound by being played by the man on the left,0
4DCxlVTWN8g_3000_13000,4DCxlVTWN8g_3000_13000_guzheng_3,1,The sounding object on the right of the pipa.,0
PdHpl04tQV8_40000_50000,PdHpl04tQV8_40000_50000_marimba_1,1,The object making a sound by being played by the man.,0
D8H9mRHTvso_30000_40000,D8H9mRHTvso_30000_40000_clarinet_6,3,The sounding entity near the man.,0
lcOP60uXMeI_20000_30000,lcOP60uXMeI_20000_30000_clarinet_2,4,The object making a sound by being played by the woman on the far right,0
oRSCL3149fI_146000_156000,oRSCL3149fI_146000_156000_clarinet_4,1,The object producing a louder sound than the piano.,0
4GUrjmIZcIQ_82000_92000,4GUrjmIZcIQ_82000_92000_chair_6,3,The chair occupied by the piano player.,0
dRa7aBGnStU_82000_92000,dRa7aBGnStU_82000_92000_handpan_2,1,The object making longer sound duration than the violin.,0
sfv_msSOYTo_10000_20000,sfv_msSOYTo_10000_20000_harp_3,0,The sounding object on the left of the marimba.,0
bcGfmy0X-CQ_30000_40000,bcGfmy0X-CQ_30000_40000_chair_4,0,The chair situated to the right of the man.,0
q3YnhPgt-rM_118000_128000,q3YnhPgt-rM_118000_128000_cello_1,1,the cello on the far right.,0
CjQmcO_Q5d8_42000_52000,CjQmcO_Q5d8_42000_52000_clarinet_1,0,The clarinet being played by a man.,0
7pNykt6zACc_275000_285000,7pNykt6zACc_275000_285000_chair_1,1,The chair is seated by a woman with hair draped over her.,0
pNV8MKNqOkI_20000_30000,pNV8MKNqOkI_20000_30000_cello_4,1,Near the clarinet_the cello stood.,0
79T0FclnIDw_0_10000,79T0FclnIDw_0_10000_woman_1,1,The sounding object on the right of the boy.,0
sfv_msSOYTo_10000_20000,sfv_msSOYTo_10000_20000_harp_2,0,The object making the slowest rhythm.,0
wdB0tV2egxE_260000_270000,wdB0tV2egxE_260000_270000_chair_4,0,Positioned in front of the standing man on the right_the sounding object stood.,0
vVJ-Zhj2HvU_22000_32000,vVJ-Zhj2HvU_22000_32000_flute_3,1,The object making louder sound than the piano.,0
wdB0tV2egxE_260000_270000,wdB0tV2egxE_260000_270000_chair_2,0,The chair on the right of a standing man.,0
mUN93MlvX64_42000_52000,mUN93MlvX64_42000_52000_piano_3,6,The object making the lowest sound.,0
CjQmcO_Q5d8_42000_52000,CjQmcO_Q5d8_42000_52000_piano_4,4,The object emitting a lower sound than the clarinet.,0
EuU2PWB1t2g_20000_30000,EuU2PWB1t2g_20000_30000_piano_2,0,The first object to make a sound.,0
Pe1LuVFTczE_358000_368000,Pe1LuVFTczE_358000_368000_pipa_2,3,The object rhythm is faster over the time.,0
hYt2Qf438l8_40000_50000,hYt2Qf438l8_40000_50000_saxophone_2,1,The object making a sound by being played by the man.,0
jj1UxRTBaNw_210000_220000,jj1UxRTBaNw_210000_220000_guzheng_2,4,The sounding object on the left of the piano.,0
4k63MOSjOBw_21000_31000,4k63MOSjOBw_21000_31000_violin_3,0,The object making the fastest rhythm.,0
J_r9nOIoozw_133000_143000,J_r9nOIoozw_133000_143000_man_5,0,The man situated to the left of the woman.,0
U1dZX1ReD88_48000_58000,U1dZX1ReD88_48000_58000_saxophone_4,1,The object with the longest sound duration.,0
r4NdM595K5c_40000_50000,r4NdM595K5c_40000_50000_flute_1,2,The sounding object on the left of the guitar.,0
9xp46AwF9BY_38000_48000,9xp46AwF9BY_38000_48000_piano_4,3,The object emitting the swiftest tempo.,0
U1dZX1ReD88_48000_58000,U1dZX1ReD88_48000_58000_saxophone_5,1,The object that produces sound continuously.,0
pNV8MKNqOkI_20000_30000,pNV8MKNqOkI_20000_30000_cello_2,1,The sounding object on the left of the clarinet.,0
4GUrjmIZcIQ_82000_92000,4GUrjmIZcIQ_82000_92000_chair_1,0,The chair near the bassoon.,0
lcOP60uXMeI_20000_30000,lcOP60uXMeI_20000_30000_clarinet_5,4,The instrument being played by the woman on the far right.,0
CjQmcO_Q5d8_42000_52000,CjQmcO_Q5d8_42000_52000_clarinet_5,0,The sounding entity positioned in front of the piano.,0
WSy8ay1avew_60000_70000,WSy8ay1avew_60000_70000_chair_2,2,The object under the sounding man playing accordion.,0
jj1UxRTBaNw_210000_220000,jj1UxRTBaNw_210000_220000_guzheng_4,4,The object producing a lower sound than the piano.,0
9xp46AwF9BY_38000_48000,9xp46AwF9BY_38000_48000_piano_1,3,The object making the fastest rhythm.,0
sfv_msSOYTo_10000_20000,sfv_msSOYTo_10000_20000_harp_6,0,Positioned left of the marimba_the sounding object stood.,0
FMx1BqhCDIk_90000_100000,FMx1BqhCDIk_90000_100000_couch_3,2,The object behind the sounding man.,0
JrpAtKkqQ_A_12000_22000,JrpAtKkqQ_A_12000_22000_piano_1,0,The sounding object on the right of the guitar.,0
wdB0tV2egxE_260000_270000,wdB0tV2egxE_260000_270000_chair_3,3,The chair on the far left.,0
6tTLxIKVtfE_26000_36000,6tTLxIKVtfE_26000_36000_flute_5,2,The sounding entity in front of the man on the right.,0
zPMUL7f4OOU_420000_430000,zPMUL7f4OOU_420000_430000_violin_1,1,The violin far the sounding cello.,0
dRa7aBGnStU_82000_92000,dRa7aBGnStU_82000_92000_handpan_3,1,The first object to make a sound.,0
dVa49WwXzr8_481000_491000,dVa49WwXzr8_481000_491000_marimba_6,1,The sounding object to the left of the harmonious harp.,0
QHcG-FDM75Q_113000_123000,QHcG-FDM75Q_113000_123000_saxophone_2,0,The object making a sound by being played by the man on the left.,0
7pWa_kcAoMg_49000_59000,7pWa_kcAoMg_49000_59000_saxophone_2,0,the object making a sound by being played by a man.,0
p5uRwtw7S3E_243000_253000,p5uRwtw7S3E_243000_253000_saxophone_2,0,The sounding object near the man.,0
SFVZ2OklsVM_2715000_2725000,SFVZ2OklsVM_2715000_2725000_couch_1,4,The yellow couch.,0
TCcD-vOUtNc_99000_109000,TCcD-vOUtNc_99000_109000_chair_1,3,The object under the woman in red.,0
Pe1LuVFTczE_358000_368000,Pe1LuVFTczE_358000_368000_pipa_4,3,The entity producing the swiftest rhythm.,0
F1x1ck3OySg_10000_20000,F1x1ck3OySg_10000_20000_flute_3,3,The object making the loudest sound.,0
WSy8ay1avew_60000_70000,WSy8ay1avew_60000_70000_chair_3,2,The object under the sounding accordion.,0
oRSCL3149fI_87000_97000,oRSCL3149fI_87000_97000_clarinet_3,0,The object making louder sound than the piano.,0
BRAQLY85x5U_75000_85000,BRAQLY85x5U_75000_85000_chair_2,9,The chair seated by the woman playing the harp.,0
z3Q_mZgKLrM_20000_30000,z3Q_mZgKLrM_20000_30000_marimba_1,2,The object making a sound by being played by the man in red.,0
2VqnoV67t0g_290000_300000,2VqnoV67t0g_290000_300000_marimba_1,0,The object making a sound by being played by the woman.,0
OFgcrlxku9g_160000_170000,OFgcrlxku9g_160000_170000_saxophone_6,0,The sounding entity to the right of the man seated beside the woman.,0
w7vA5f0vPvQ_15000_25000,w7vA5f0vPvQ_15000_25000_flute_5,4,Controlled by the person on the left_the object sounded.,0
4k63MOSjOBw_21000_31000,4k63MOSjOBw_21000_31000_piano_1,2,The first object to make a sound.,0
a1nWlW629TU_15000_25000,a1nWlW629TU_15000_25000_marimba_2,1,The sounding object near the woman on the right.,0
a1nWlW629TU_15000_25000,a1nWlW629TU_15000_25000_marimba_1,1,The sounding object in front of the woman standing on the right.,0
2QKv1iBsTJM_190000_200000,2QKv1iBsTJM_190000_200000_table_1,2,The table far the drum.,0
lcOP60uXMeI_396000_406000,lcOP60uXMeI_396000_406000_piano_5,5,The object with the most rapid rhythm.,0
F1x1ck3OySg_10000_20000,F1x1ck3OySg_10000_20000_guitar_5,0,The sounding entity to the right of the flute.,0
7pWa_kcAoMg_49000_59000,7pWa_kcAoMg_49000_59000_saxophone_5,0,The object being played by a man.,0
9xp46AwF9BY_38000_48000,9xp46AwF9BY_38000_48000_piano_5,3,The object emitting the lowest sound.,0
rzKjN2en0H8_830000_840000,rzKjN2en0H8_830000_840000_accordion_1,3,The object making the loudest sound.,0
JlMeXmoMEEM_35000_45000,JlMeXmoMEEM_35000_45000_flute_1,2,The object making the loudest sound.,0
lcOP60uXMeI_20000_30000,lcOP60uXMeI_20000_30000_piano_5,6,The sounding object near the man wearing glasses.,0
xUQ9rDswHdw_140000_150000,xUQ9rDswHdw_140000_150000_pipa_4,2,To the right of the bald man_the sounding object stood.,0
F1x1ck3OySg_10000_20000,F1x1ck3OySg_10000_20000_flute_6,3,The object emitting the most intense sound.,0
ZR3vnlhJuSE_101000_111000,ZR3vnlhJuSE_101000_111000_bass_3,0,The object making the shortest sound duration.,0
z3Q_mZgKLrM_20000_30000,z3Q_mZgKLrM_20000_30000_marimba_3,2,The sounding object on the right of the drum.,0
xUQ9rDswHdw_140000_150000,xUQ9rDswHdw_140000_150000_pipa_2,2,The sounding object near the bald man.,0
U1dZX1ReD88_48000_58000,U1dZX1ReD88_48000_58000_saxophone_6,1,The object being played by the standing man.,0
OPVEPq_r-vk_211000_221000,OPVEPq_r-vk_211000_221000_saxophone_6,1,The entity being played by the man.,0
2VqnoV67t0g_290000_300000,2VqnoV67t0g_290000_300000_marimba_6,0,The marimba being played by a woman.,0
URZyjoh9lbc_560000_570000,URZyjoh9lbc_560000_570000_chair_2,1,The brown chair,0
F1x1ck3OySg_10000_20000,F1x1ck3OySg_10000_20000_guitar_2,0,The sounding object on the right of the flute.,0
CjQmcO_Q5d8_42000_52000,CjQmcO_Q5d8_42000_52000_clarinet_3,0,The object volume is louder over the time.,0
lcOP60uXMeI_20000_30000,lcOP60uXMeI_20000_30000_clarinet_6,4,The perpetually sounding object.,0
CCFZT2_TJr0_15000_25000,CCFZT2_TJr0_15000_25000_piano_4,4,The object emitting the lowest sound.,0
lcOP60uXMeI_20000_30000,lcOP60uXMeI_20000_30000_clarinet_1,4,The object making a sound by being played by the woman on the right,0
45oaGY3mzlQ_5000_15000,45oaGY3mzlQ_5000_15000_violin_5,1,The entity with the lengthiest sound duration.,0
2QKv1iBsTJM_190000_200000,2QKv1iBsTJM_190000_200000_man_2,0,The sounding object on the left of the table.,0
zPMUL7f4OOU_420000_430000,zPMUL7f4OOU_420000_430000_violin_5,1,The object's rhythm slows over time.,0
z3Q_mZgKLrM_20000_30000,z3Q_mZgKLrM_20000_30000_marimba_4,2,Controlled by the man dressed in red_the object sounded.,0
pNV8MKNqOkI_20000_30000,pNV8MKNqOkI_20000_30000_cello_3,1,The sounding object near the clarinet.,0
FHSoSamzdAY_845000_855000,FHSoSamzdAY_845000_855000_violin_4,0,The object emitting the most intense sound.,0
ehlPuuiNEd8_376000_386000,ehlPuuiNEd8_376000_386000_pipa_4,1,The sounding object near the far-left man.,0
WSy8ay1avew_60000_70000,WSy8ay1avew_60000_70000_chair_1,2,The object being seated by the man.,0
PSoKYh3ea1o_60000_70000,PSoKYh3ea1o_60000_70000_clarinet_1,3,The object making a sound by being played by a man sitting on the right.,0
oRSCL3149fI_87000_97000,oRSCL3149fI_87000_97000_clarinet_1,0,The object making the loudest sound.,0
oaYIWYXFMqY_70000_80000,oaYIWYXFMqY_70000_80000_handpan_3,1,The object making the longest sound duration.,0
6tTLxIKVtfE_26000_36000,6tTLxIKVtfE_26000_36000_flute_4,2,The object being played by the man on the right.,0
zstao4nIPmU_250000_260000,zstao4nIPmU_250000_260000_table_3,3,The black table.,0
45oaGY3mzlQ_5000_15000,45oaGY3mzlQ_5000_15000_violin_2,1,The object making the longest sound duration.,0
ETmo71vP7tA_20000_30000,ETmo71vP7tA_20000_30000_clarinet_1,2,The object making the loudest sound.,0
QHcG-FDM75Q_113000_123000,QHcG-FDM75Q_113000_123000_saxophone_5,0,The entity producing sound through being played by the man on the left.,0
URZyjoh9lbc_500000_510000,URZyjoh9lbc_500000_510000_dog_1,0,The object sitting by the woman.,0
lcOP60uXMeI_396000_406000,lcOP60uXMeI_396000_406000_clarinet_1,0,The object making a sound by being played by the woman on the right,0
UViY20HJWaI_140000_150000,UViY20HJWaI_140000_150000_marimba_4,1,The sounding object to the right of the harp.,0
4DCxlVTWN8g_3000_13000,4DCxlVTWN8g_3000_13000_pipa_3,0,The sounding object on the left of the guzheng.,0
p5uRwtw7S3E_243000_253000,p5uRwtw7S3E_243000_253000_saxophone_6,0,The instrument with the shortest sustained sound.,0
r4NdM595K5c_40000_50000,r4NdM595K5c_40000_50000_flute_5,2,The instrument with the lengthiest sustained sound.,0
79T0FclnIDw_0_10000,79T0FclnIDw_0_10000_boy_4,0,The entity emitting sound prior to the woman.,0
2VqnoV67t0g_290000_300000,2VqnoV67t0g_290000_300000_marimba_5,4,The entity producing sound through woman's strikes.,0
q3YnhPgt-rM_118000_128000,q3YnhPgt-rM_118000_128000_violin_6,13,Controlled by the woman with long hair seated center stage_the instrument resounded.,0
45oaGY3mzlQ_5000_15000,45oaGY3mzlQ_5000_15000_violin_1,1,The first object to make a sound.,0
zstao4nIPmU_250000_260000,zstao4nIPmU_250000_260000_table_5,2,In front of the man wearing glasses_the table stood.,0
4GUrjmIZcIQ_82000_92000,4GUrjmIZcIQ_82000_92000_chair_2,0,The chair in front of the piano.,0
dUcOkRkz6bA_387000_397000,dUcOkRkz6bA_387000_397000_man_6,6,The singing activity generating sound.,0
lcOP60uXMeI_20000_30000,lcOP60uXMeI_20000_30000_clarinet_4,4,The instrument being played by the woman on the right.,0
2QKv1iBsTJM_190000_200000,2QKv1iBsTJM_190000_200000_table_4,2,The table distant from the drum.,0
M6vnA5H5R1M_85000_95000,M6vnA5H5R1M_85000_95000_table_2,0,The black table.,0
CjQmcO_Q5d8_42000_52000,CjQmcO_Q5d8_42000_52000_piano_1,4,The object making lower sound than the clarinet.,0
UViY20HJWaI_140000_150000,UViY20HJWaI_140000_150000_marimba_2,1,The object making a sound by being played by the man.,0
2QKv1iBsTJM_190000_200000,2QKv1iBsTJM_190000_200000_man_5,0,The sounding entity to the left of the table.,0
pNV8MKNqOkI_20000_30000,pNV8MKNqOkI_20000_30000_cello_5,1,Positioned to the left of the clarinet_the sounding object sat.,0
CCFZT2_TJr0_15000_25000,CCFZT2_TJr0_15000_25000_clarinet_2,0,The object making faster rhythm than the piano.,0
D8H9mRHTvso_30000_40000,D8H9mRHTvso_30000_40000_clarinet_4,3,The sounding entity to the left of the piano.,0
F1x1ck3OySg_10000_20000,F1x1ck3OySg_10000_20000_flute_5,3,The object with a faster rhythm than the guitar.,0
PdHpl04tQV8_40000_50000,PdHpl04tQV8_40000_50000_marimba_2,1,The object making a sound by being beaten with sticks.,0
CjQmcO_Q5d8_42000_52000,CjQmcO_Q5d8_42000_52000_clarinet_2,0,The sounding object in front of the sounding piano.,0
dRa7aBGnStU_82000_92000,dRa7aBGnStU_82000_92000_violin_3,0,The object making shorter sound duration than the handpan.,0
7pNykt6zACc_275000_285000,7pNykt6zACc_275000_285000_chair_5,1,The chair occupied by a woman wearing a mask.,0
2VqnoV67t0g_290000_300000,2VqnoV67t0g_290000_300000_marimba_4,0,The entity played by the woman.,0
z3Q_mZgKLrM_20000_30000,z3Q_mZgKLrM_20000_30000_marimba_6,2,To the right of the drum_the sounding object stood.,0
r4NdM595K5c_40000_50000,r4NdM595K5c_40000_50000_flute_2,2,The object making the longest sound duration.,0
CCFZT2_TJr0_15000_25000,CCFZT2_TJr0_15000_25000_clarinet_5,0,The object producing a faster rhythm than the piano.,0
J_r9nOIoozw_133000_143000,J_r9nOIoozw_133000_143000_woman_5,3,The woman situated to the right of the man.,0
xnx3u5YaNuc_402000_412000,xnx3u5YaNuc_402000_412000_woman_4,1,The woman near the initial sounding object.,0
QHcG-FDM75Q_113000_123000,QHcG-FDM75Q_113000_123000_saxophone_4,0,The entity producing the swiftest rhythm.,0
URZyjoh9lbc_500000_510000,URZyjoh9lbc_500000_510000_dog_2,0,The dog in front of a woman.,0
vVJ-Zhj2HvU_22000_32000,vVJ-Zhj2HvU_22000_32000_piano_1,3,The first object to make a sound.,0
7pNykt6zACc_275000_285000,7pNykt6zACc_275000_285000_chair_6,1,The chair occupied by the woman not playing the piano.,0
q3YnhPgt-rM_118000_128000,q3YnhPgt-rM_118000_128000_violin_1,2,the violin on the far left.,0
5FYG_Wtet7U_120000_130000,5FYG_Wtet7U_120000_130000_handpan_5,3,The object being played by the man seated on the right side of the couch.,0
U1dZX1ReD88_48000_58000,U1dZX1ReD88_48000_58000_saxophone_2,1,The object that keeps making sound at all times.,0
sHyhvtLTCbo_10000_20000,sHyhvtLTCbo_10000_20000_chair_4,1,Occupied by the man_the chair emitted sound.,0
oaYIWYXFMqY_70000_80000,oaYIWYXFMqY_70000_80000_flute_4,4,The object generating the slowest tempo.,0
4rerQA8KMzM_10000_20000,4rerQA8KMzM_10000_20000_chair_5,4,The entity positioned behind the woman producing sound.,0
8cmMa2PUnvQ_30000_40000,8cmMa2PUnvQ_30000_40000_chair_1,1,The chair being sat on by a woman.,0
OGCyzmaM_kE_10000_20000,OGCyzmaM_kE_10000_20000_piano_2,4,The instrument that didn't make any sound.,0
dVa49WwXzr8_481000_491000,dVa49WwXzr8_481000_491000_marimba_4,1,The instrument being played by the man on the left_producing sound.,0
UViY20HJWaI_140000_150000,UViY20HJWaI_140000_150000_marimba_1,1,The sounding object on the right of the harp.,0
D8H9mRHTvso_30000_40000,D8H9mRHTvso_30000_40000_clarinet_5,3,The object being played by the man wearing glasses_emitting sound.,0
pNV8MKNqOkI_20000_30000,pNV8MKNqOkI_20000_30000_guitar_2,2,The sounding object on the right of the saxophone.,0
45oaGY3mzlQ_5000_15000,45oaGY3mzlQ_5000_15000_violin_3,1,The object making the loudest sound.,0
oaYIWYXFMqY_70000_80000,oaYIWYXFMqY_70000_80000_handpan_2,1,The first object to make a sound.,0
rozFJYWrLj0_120000_130000,rozFJYWrLj0_120000_130000_man_1,0,The object making lower sound than the woman.,0
lcOP60uXMeI_396000_406000,lcOP60uXMeI_396000_406000_clarinet_6,0,The instrument being played by the woman on the right.,0
oRSCL3149fI_146000_156000,oRSCL3149fI_146000_156000_piano_1,0,The object making lower sound than the clairnet.,0
6tTLxIKVtfE_26000_36000,6tTLxIKVtfE_26000_36000_flute_1,2,The object making a sound by being played by the man on the right.,0
bcGfmy0X-CQ_30000_40000,bcGfmy0X-CQ_30000_40000_chair_1,0,The chair on the right of the man.,0
lcOP60uXMeI_396000_406000,lcOP60uXMeI_396000_406000_clarinet_5,0,The sounding object to the right of the cello.,0
q3YnhPgt-rM_118000_128000,q3YnhPgt-rM_118000_128000_violin_4,2,The violin occupied the farthest left position.,0
dRa7aBGnStU_82000_92000,dRa7aBGnStU_82000_92000_violin_5,0,The object producing sound following the handpan.,0
D8H9mRHTvso_30000_40000,D8H9mRHTvso_30000_40000_clarinet_2,3,The object making a sound by being played by the man wearing the glasses.,0
2QKv1iBsTJM_190000_200000,2QKv1iBsTJM_190000_200000_table_3,2,The table.,0
6WUjWMuoEhM_10000_20000,6WUjWMuoEhM_10000_20000_hair-dryer_4,0,The entity emitting the most intense sound.,0
6tTLxIKVtfE_26000_36000,6tTLxIKVtfE_26000_36000_flute_6,2,The perpetual noise-emitting object.,0
pNV8MKNqOkI_20000_30000,pNV8MKNqOkI_20000_30000_cello_6,1,Adjacent to the clarinet_the sounding object stood.,0
z3Q_mZgKLrM_20000_30000,z3Q_mZgKLrM_20000_30000_marimba_2,2,The sounding object near the saxophone.,0
p5uRwtw7S3E_243000_253000,p5uRwtw7S3E_243000_253000_saxophone_5,0,Close to the man_the sounding object stood.,0
79T0FclnIDw_0_10000,79T0FclnIDw_0_10000_couch_3,3,The farbic couch.,0
p5uRwtw7S3E_243000_253000,p5uRwtw7S3E_243000_253000_saxophone_1,0,The object making a sound by being played by the man.,0
ZR3vnlhJuSE_101000_111000,ZR3vnlhJuSE_101000_111000_man_4,1,The object producing sound through bass playing.,0
vVJ-Zhj2HvU_22000_32000,vVJ-Zhj2HvU_22000_32000_piano_4,3,The initial sounding object.,0
q3YnhPgt-rM_118000_128000,q3YnhPgt-rM_118000_128000_violin_3,13,The object making a sound by being played by the woman in long hair sitting in the middle of the stage.,0
pNV8MKNqOkI_20000_30000,pNV8MKNqOkI_20000_30000_clarinet_5,3,To the right of the cello_the sounding object stood.,0
bcGfmy0X-CQ_30000_40000,bcGfmy0X-CQ_30000_40000_chair_3,1,The chair being seated by the man wearing glasses.,0
wdB0tV2egxE_260000_270000,wdB0tV2egxE_260000_270000_chair_1,0,The object in front of the man standing on the right,0
zPMUL7f4OOU_420000_430000,zPMUL7f4OOU_420000_430000_violin_4,1,The violin positioned farther from the sounding cello.,0
lcOP60uXMeI_396000_406000,lcOP60uXMeI_396000_406000_clarinet_3,0,The object making a sound by being played by the woman on the right.,0
U1dZX1ReD88_48000_58000,U1dZX1ReD88_48000_58000_saxophone_1,1,The object making the longest sound duration.,0
TCcD-vOUtNc_99000_109000,TCcD-vOUtNc_99000_109000_chair_3,3,The gray and dark chair on the right.,0
mqB05HNR03g_630000_640000,mqB05HNR03g_630000_640000_table_6,0,The object serving as an armrest.,0
6WUjWMuoEhM_10000_20000,6WUjWMuoEhM_10000_20000_hair-dryer_2,0,The object that keeps making sound at all times.,0
UViY20HJWaI_140000_150000,UViY20HJWaI_140000_150000_marimba_3,1,The object making a sound by being beaten with sticks.,0
pNV8MKNqOkI_20000_30000,pNV8MKNqOkI_20000_30000_guitar_5,2,To the right of the saxophone_the sounding object stood.,0
lcOP60uXMeI_198000_208000,lcOP60uXMeI_198000_208000_piano_4,4,The instrument being played by the man_emitting sound.,0
pNV8MKNqOkI_20000_30000,pNV8MKNqOkI_20000_30000_saxophone_2,0,The sounding object on the left of the guitar.,0
xUQ9rDswHdw_140000_150000,xUQ9rDswHdw_140000_150000_pipa_5,2,Adjacent to the bald man_the sounding object stood.,0
URZyjoh9lbc_560000_570000,URZyjoh9lbc_560000_570000_chair_6,1,The chair positioned around the corner.,0
6WUjWMuoEhM_10000_20000,6WUjWMuoEhM_10000_20000_hair-dryer_1,0,The object making the loudest sound.,0
LdB5pW9c_N4_477000_487000,LdB5pW9c_N4_477000_487000_tabla_6,1,The object being played by the right hand of the man without a cap.,0
PdHpl04tQV8_40000_50000,PdHpl04tQV8_40000_50000_marimba_6,1,The sounding entity to the left of the harp.,0
QHcG-FDM75Q_113000_123000,QHcG-FDM75Q_113000_123000_saxophone_1,0,The object making the fastest rhythm.,0
sHyhvtLTCbo_10000_20000,sHyhvtLTCbo_10000_20000_chair_3,1,The chair seated by the man playing the piano.,0
79T0FclnIDw_0_10000,79T0FclnIDw_0_10000_couch_2,3,The brown couch.,0
PSoKYh3ea1o_60000_70000,PSoKYh3ea1o_60000_70000_clarinet_2,3,The sounding object on the right of the bassoon.,0
8hr42lVW_gk_60000_70000,8hr42lVW_gk_60000_70000_clarinet_2,3,The object making a sound by being played by a girl.,0
vifFbeL5rOo_9000_19000,vifFbeL5rOo_9000_19000_clarinet_1,0,The object making a sound by being played by the man on the right,0
xnx3u5YaNuc_402000_412000,xnx3u5YaNuc_402000_412000_clarinet_1,4,The object making the loudest sound.,0
rzKjN2en0H8_830000_840000,rzKjN2en0H8_830000_840000_accordion_6,3,Controlled by the man seated in the middle_the instrument resounded.,0
6tTLxIKVtfE_26000_36000,6tTLxIKVtfE_26000_36000_flute_2,2,The sounding object in front of the man on the right.,0
rozFJYWrLj0_120000_130000,rozFJYWrLj0_120000_130000_man_5,0,The man stood to the left of the woman.,0
4HXvK9zcoyk_70000_80000,4HXvK9zcoyk_70000_80000_bass_2,3,The blue bass.,0
7pNykt6zACc_275000_285000,7pNykt6zACc_275000_285000_chair_3,1,The chair sat on by the woman who does not play the piano.,0
CCFZT2_TJr0_15000_25000,CCFZT2_TJr0_15000_25000_clarinet_3,0,The object making a sound by being played by a standing man.,0
QNiHU290owU_55000_65000,QNiHU290owU_55000_65000_chair_6,0,The object to the right of The source of the sound.,0
p5uRwtw7S3E_243000_253000,p5uRwtw7S3E_243000_253000_saxophone_4,0,Played by the man_the instrument sounded.,0
45oaGY3mzlQ_5000_15000,45oaGY3mzlQ_5000_15000_violin_6,1,The entity emitting the most robust sound.,0
lcOP60uXMeI_20000_30000,lcOP60uXMeI_20000_30000_piano_4,6,The instrument being played by the man on the left.,0
URZyjoh9lbc_500000_510000,URZyjoh9lbc_500000_510000_dog_3,0,The object on the left of the sounding woman.,0
M6vnA5H5R1M_85000_95000,M6vnA5H5R1M_85000_95000_table_6,0,The entity with a computer atop it.,0
zPMUL7f4OOU_420000_430000,zPMUL7f4OOU_420000_430000_cello_1,0,The last object to make a sound.,0
oaYIWYXFMqY_70000_80000,oaYIWYXFMqY_70000_80000_flute_2,4,The sounding object on the right of the sounding handpan.,0
OPVEPq_r-vk_211000_221000,OPVEPq_r-vk_211000_221000_saxophone_4,1,The sounding entity near the man.,0
vifFbeL5rOo_9000_19000,vifFbeL5rOo_9000_19000_clarinet_2,0,The sounding object on the right of the piano.,0
8hr42lVW_gk_60000_70000,8hr42lVW_gk_60000_70000_clarinet_3,2,The object making a sound by being played by a man on the right.,0
F1x1ck3OySg_10000_20000,F1x1ck3OySg_10000_20000_guitar_4,0,The object emitting a louder sound than the flute.,0
URZyjoh9lbc_560000_570000,URZyjoh9lbc_560000_570000_chair_3,1,The chair is setting around the corner.,0
cmNI6jiMKik_46000_56000,cmNI6jiMKik_46000_56000_man_4,3,The instrument creating sound through clarinet play.,0
QHcG-FDM75Q_113000_123000,QHcG-FDM75Q_113000_123000_saxophone_6,0,The entity held by the man on the left.,0
PdHpl04tQV8_40000_50000,PdHpl04tQV8_40000_50000_marimba_3,1,The sounding object on the left of the sounding harp.,0
8hr42lVW_gk_60000_70000,8hr42lVW_gk_60000_70000_clarinet_6,2,The object being played by a man on the right.,0
E8zQtjE2Q0M_105000_115000,E8zQtjE2Q0M_105000_115000_chair_5,5,The object positioned to the left of the sounding handpan_with another handpan atop it.,0
4HXvK9zcoyk_70000_80000,4HXvK9zcoyk_70000_80000_bass_3,9,The black bass.,0
OFgcrlxku9g_160000_170000,OFgcrlxku9g_160000_170000_saxophone_5,0,The entity producing sound through being played by the man to the right of the woman.,0
zPMUL7f4OOU_420000_430000,zPMUL7f4OOU_420000_430000_violin_6,1,The loudest sounding object.,0
ETmo71vP7tA_20000_30000,ETmo71vP7tA_20000_30000_piano_1,0,The object making the longest sound duration.,0
pNV8MKNqOkI_20000_30000,pNV8MKNqOkI_20000_30000_clarinet_4,3,To the right of the cello_the clarinet sat.,0
ds3RKnNB-cY_8000_18000,ds3RKnNB-cY_8000_18000_couch_6,1,The sofa occupied by the man and the woman.,0
bcGfmy0X-CQ_30000_40000,bcGfmy0X-CQ_30000_40000_chair_2,0,The empty chair.,0
dVa49WwXzr8_481000_491000,dVa49WwXzr8_481000_491000_marimba_1,1,The object making a sound by being played by the man on the left.,0
oRSCL3149fI_87000_97000,oRSCL3149fI_87000_97000_clarinet_6,0,The object producing a louder sound than the piano.,0
4rerQA8KMzM_10000_20000,4rerQA8KMzM_10000_20000_chair_4,6,The seat occupied by the man.,0
LdB5pW9c_N4_477000_487000,LdB5pW9c_N4_477000_487000_sitar_4,0,The entity producing the most intense sound.,0
F1x1ck3OySg_10000_20000,F1x1ck3OySg_10000_20000_flute_2,3,The object making faster rhythm than the guitar.,0
79T0FclnIDw_0_10000,79T0FclnIDw_0_10000_couch_4,2,The couch remains stationary.,0
ETmo71vP7tA_20000_30000,ETmo71vP7tA_20000_30000_clarinet_2,2,The object making a sound by being played by the woman with long hair.,0
SFVZ2OklsVM_2715000_2725000,SFVZ2OklsVM_2715000_2725000_couch_6,4,The object behind the sounding individuals.,0
dUcOkRkz6bA_387000_397000,dUcOkRkz6bA_387000_397000_man_5,5,The drum being played_producing sound.,0
mqB05HNR03g_630000_640000,mqB05HNR03g_630000_640000_table_4,0,The table visible throughout the entire video.,0
bcGfmy0X-CQ_30000_40000,bcGfmy0X-CQ_30000_40000_chair_6,1,The chair occupied by the bespectacled man.,0
4k63MOSjOBw_21000_31000,4k63MOSjOBw_21000_31000_violin_1,0,The violin being played.,0
45oaGY3mzlQ_5000_15000,45oaGY3mzlQ_5000_15000_violin_4,1,The initial sound-producing entity.,0
EuU2PWB1t2g_20000_30000,EuU2PWB1t2g_20000_30000_piano_6,0,The object emitting intermittent sound.,0
ETmo71vP7tA_20000_30000,ETmo71vP7tA_20000_30000_clarinet_6,2,The object with a shorter duration of sound than the piano.,0
zstao4nIPmU_250000_260000,zstao4nIPmU_250000_260000_table_2,2,The table in front of the man wearing glasses.,0
vifFbeL5rOo_9000_19000,vifFbeL5rOo_9000_19000_clarinet_4,0,Controlled by the man on the right_the object sounded.,0
oRSCL3149fI_87000_97000,oRSCL3149fI_87000_97000_clarinet_2,0,The object making a sound by being played by the man in front of the sounding piano.,0
xnx3u5YaNuc_402000_412000,xnx3u5YaNuc_402000_412000_clarinet_2,4,The object making a sound by being played by the man standing.,0
9ZQ-T83pfWk_65000_75000,9ZQ-T83pfWk_65000_75000_flute_4,2,The object emitting the most intense sound.,0
oRSCL3149fI_146000_156000,oRSCL3149fI_146000_156000_piano_4,0,The object producing a lower sound than the clarinet.,0
PSoKYh3ea1o_60000_70000,PSoKYh3ea1o_60000_70000_clarinet_4,3,The entity producing sound through being played by a man seated on the right.,0
zPMUL7f4OOU_420000_430000,zPMUL7f4OOU_420000_430000_violin_2,1,The object rhythm is slower over the time.,0
f0jKjIOFzAY_225000_235000,f0jKjIOFzAY_225000_235000_cello_1,1,The sounding object on the left of the saxophone.,0
xnx3u5YaNuc_402000_412000,xnx3u5YaNuc_402000_412000_clarinet_5,4,Controlled by the standing man_the object sounded.,0
8hr42lVW_gk_60000_70000,8hr42lVW_gk_60000_70000_man_4,1,The man positioned in front of the blackboard.,0
OPVEPq_r-vk_211000_221000,OPVEPq_r-vk_211000_221000_saxophone_1,1,The sounding object near the man.,0
SFVZ2OklsVM_2715000_2725000,SFVZ2OklsVM_2715000_2725000_couch_2,4,The couch behind the person on the right.,0
CCFZT2_TJr0_15000_25000,CCFZT2_TJr0_15000_25000_clarinet_6,0,The object being played by a standing man.,0
7pWa_kcAoMg_49000_59000,7pWa_kcAoMg_49000_59000_saxophone_1,0,The object making a sound by being played by the man.,0
ETmo71vP7tA_20000_30000,ETmo71vP7tA_20000_30000_clarinet_3,2,The object making shorter sound duration than the piano.,0
pNV8MKNqOkI_20000_30000,pNV8MKNqOkI_20000_30000_saxophone_5,0,To the left of the guitar_the sounding object stood.,0
oRSCL3149fI_146000_156000,oRSCL3149fI_146000_156000_clarinet_2,1,The clarinet near the standing man.,0
oRSCL3149fI_87000_97000,oRSCL3149fI_87000_97000_clarinet_5,0,The object being played by the man in front of the sounding piano.,0
FHSoSamzdAY_845000_855000,FHSoSamzdAY_845000_855000_guitar_1,1,The object making lower sound than the violin.,0
OFgcrlxku9g_160000_170000,OFgcrlxku9g_160000_170000_saxophone_2,0,The object making a sound by being played by the man on the right of the woman.,0
6WUjWMuoEhM_10000_20000,6WUjWMuoEhM_10000_20000_hair-dryer_5,0,The perpetual noise-emitting object.,0
jj1UxRTBaNw_210000_220000,jj1UxRTBaNw_210000_220000_guzheng_1,4,The object making lower sound than the piano.,0
zstao4nIPmU_250000_260000,zstao4nIPmU_250000_260000_table_1,2,The brown table.,0
ETmo71vP7tA_20000_30000,ETmo71vP7tA_20000_30000_clarinet_4,2,The object emitting the most intense sound.,0
4DCxlVTWN8g_3000_13000,4DCxlVTWN8g_3000_13000_guzheng_6,1,The sounding entity to the right of the pipa.,0
M6vnA5H5R1M_85000_95000,M6vnA5H5R1M_85000_95000_table_1,0,The object behind the sounding erhu.,0
ZR3vnlhJuSE_101000_111000,ZR3vnlhJuSE_101000_111000_bass_1,0,The object making the intermittent sound.,0
URZyjoh9lbc_500000_510000,URZyjoh9lbc_500000_510000_chair_3,1,The object behind the sounding woman.,0
vVJ-Zhj2HvU_22000_32000,vVJ-Zhj2HvU_22000_32000_flute_6,1,Generating louder sound than the piano_the object sounded.,0
GG-PF_JxeW4_1640000_1650000,GG-PF_JxeW4_1640000_1650000_guitar_5,2,The perpetually sounding instrument.,0
dUcOkRkz6bA_387000_397000,dUcOkRkz6bA_387000_397000_bass_1,3,The black and silver bass.,0
sV1o5VmL-9g_824000_834000,sV1o5VmL-9g_824000_834000_man_2,0,The sounding object near the dog.,0
oaYIWYXFMqY_70000_80000,oaYIWYXFMqY_70000_80000_handpan_5,1,Initiating the first sound_the object sounded.,0
7pWa_kcAoMg_49000_59000,7pWa_kcAoMg_49000_59000_saxophone_3,0,The object making the loudest sound.,0
xnx3u5YaNuc_402000_412000,xnx3u5YaNuc_402000_412000_clarinet_3,4,The object making the loudest sound.,0
CjQmcO_Q5d8_42000_52000,CjQmcO_Q5d8_42000_52000_clarinet_6,0,The volume of the object gradually increases over time.,0
GG-PF_JxeW4_1640000_1650000,GG-PF_JxeW4_1640000_1650000_woman_2,0,The object making the intermittent sound.,0
SFVZ2OklsVM_2715000_2725000,SFVZ2OklsVM_2715000_2725000_couch_3,4,The object behind the sounding men.,0
FHSoSamzdAY_845000_855000,FHSoSamzdAY_845000_855000_guitar_4,1,The object with a lower sound than the violin.,0
pNV8MKNqOkI_20000_30000,pNV8MKNqOkI_20000_30000_clarinet_2,3,The sounding object on the right of the cello.,0
z3Q_mZgKLrM_20000_30000,z3Q_mZgKLrM_20000_30000_cello_2,0,The sounding object near the piano.,0
4HXvK9zcoyk_70000_80000,4HXvK9zcoyk_70000_80000_bass_1,1,The object making lowest sound.,0
dVa49WwXzr8_481000_491000,dVa49WwXzr8_481000_491000_marimba_5,1,The object being struck with sticks_generating sound.,0
tZbh1cwwfv0_222000_232000,tZbh1cwwfv0_222000_232000_woman_4,0,Playing the piano_the object emitted sound.,0
ehlPuuiNEd8_376000_386000,ehlPuuiNEd8_376000_386000_pipa_5,1,The sounding object to the left of the guzheng.,0
hYt2Qf438l8_40000_50000,hYt2Qf438l8_40000_50000_saxophone_3,1,The sounding object near the man.,0
oaYIWYXFMqY_70000_80000,oaYIWYXFMqY_70000_80000_handpan_6,1,The instrument with the lengthiest sustained sound.,0
xnx3u5YaNuc_402000_412000,xnx3u5YaNuc_402000_412000_clarinet_6,4,The loudest sounding object.,0
PSoKYh3ea1o_60000_70000,PSoKYh3ea1o_60000_70000_clarinet_5,3,The sounding entity to the right of the bassoon.,0
TCcD-vOUtNc_99000_109000,TCcD-vOUtNc_99000_109000_chair_4,3,The object beneath the woman in red.,0
lcOP60uXMeI_198000_208000,lcOP60uXMeI_198000_208000_piano_2,4,The object making the intermittent sound.,0
SFVZ2OklsVM_2765000_2775000,SFVZ2OklsVM_2765000_2775000_man_4,1,The object producing sound through guitar play.,0
4rerQA8KMzM_10000_20000,4rerQA8KMzM_10000_20000_chair_1,6,The chair seated by the man.,0
CCFZT2_TJr0_15000_25000,CCFZT2_TJr0_15000_25000_piano_1,4,The object making the lowest sound.,0
p5uRwtw7S3E_243000_253000,p5uRwtw7S3E_243000_253000_saxophone_3,0,The object making the shortest sound duration.,0
QHcG-FDM75Q_113000_123000,QHcG-FDM75Q_113000_123000_saxophone_3,0,The object held by the man on the left.,0
FHSoSamzdAY_845000_855000,FHSoSamzdAY_845000_855000_woman_4,2,The object playing the violin_emitting sound.,0
8cmMa2PUnvQ_30000_40000,8cmMa2PUnvQ_30000_40000_chair_2,1,The object under the woman.,0
4HXvK9zcoyk_115000_125000,4HXvK9zcoyk_115000_125000_guitar_5,1,The sounding entity to the left of the woman.,0
EuU2PWB1t2g_20000_30000,EuU2PWB1t2g_20000_30000_piano_5,0,The initial sound-producing entity.,0
q3YnhPgt-rM_118000_128000,q3YnhPgt-rM_118000_128000_cello_4,1,The cello occupied the farthest right position.,0
QNiHU290owU_55000_65000,QNiHU290owU_55000_65000_chair_5,0,The chair consistently visible throughout the video.,0
S_NJKy7Aoto_213000_223000,S_NJKy7Aoto_213000_223000_tabla_2,1,The sounding object on the left of the sounding sitar.,0
jj1UxRTBaNw_210000_220000,jj1UxRTBaNw_210000_220000_piano_1,0,The sounding object on the right of the guzheng.,0
D8H9mRHTvso_30000_40000,D8H9mRHTvso_30000_40000_clarinet_3,3,The sounding object near the man.,0
ZR3vnlhJuSE_101000_111000,ZR3vnlhJuSE_101000_111000_bass_6,0,The object with the shortest sound duration.,0
7pNykt6zACc_275000_285000,7pNykt6zACc_275000_285000_chair_4,1,The chair occupied by a woman with hair draped over her.,0
a1nWlW629TU_15000_25000,a1nWlW629TU_15000_25000_marimba_6,1,The object being played by the woman standing on the right.,0
cmNI6jiMKik_46000_56000,cmNI6jiMKik_46000_56000_piano_2,2,The object valume is lower over the time.,0
dUcOkRkz6bA_387000_397000,dUcOkRkz6bA_387000_397000_bass_4,3,The black and silver bass instrument.,0
2QKv1iBsTJM_190000_200000,2QKv1iBsTJM_190000_200000_table_5,2,The table beside the sounding suona.,0
oaYIWYXFMqY_70000_80000,oaYIWYXFMqY_70000_80000_flute_1,4,The object making the slowest rhythm.,0
pNV8MKNqOkI_20000_30000,pNV8MKNqOkI_20000_30000_cello_1,1,The cello near the clarinet.,0
7pWa_kcAoMg_49000_59000,7pWa_kcAoMg_49000_59000_saxophone_6,0,The entity emitting the most intense sound.,0
MFn93Sqq23g_10000_20000,MFn93Sqq23g_10000_20000_guitar_6,2,The larger_brown-toned guitar.,0
lcOP60uXMeI_198000_208000,lcOP60uXMeI_198000_208000_piano_1,4,The object making a sound by being played by the man.,0
sHyhvtLTCbo_10000_20000,sHyhvtLTCbo_10000_20000_chair_1,1,The chair being sat on by the man.,0
oRSCL3149fI_146000_156000,oRSCL3149fI_146000_156000_clarinet_1,1,The object making louder sound than the piano.,0
w7vA5f0vPvQ_15000_25000,w7vA5f0vPvQ_15000_25000_flute_4,4,Controlled by the woman_the object sounded.,0
4rerQA8KMzM_10000_20000,4rerQA8KMzM_10000_20000_chair_2,4,The object behind the sounding woman.,0
4GUrjmIZcIQ_82000_92000,4GUrjmIZcIQ_82000_92000_chair_4,0,The chair beside the bassoon.,0
8cmMa2PUnvQ_30000_40000,8cmMa2PUnvQ_30000_40000_chair_4,1,The chair occupied by a woman.,0
oaYIWYXFMqY_70000_80000,oaYIWYXFMqY_70000_80000_handpan_1,1,The object making the fastest rhythm.,0
xnx3u5YaNuc_402000_412000,xnx3u5YaNuc_402000_412000_woman_1,1,The woman near the first sounding object.,0
oaYIWYXFMqY_70000_80000,oaYIWYXFMqY_70000_80000_handpan_4,1,The object setting the quickest tempo.,0
wdB0tV2egxE_260000_270000,wdB0tV2egxE_260000_270000_chair_5,0,To the right of the standing man_the chair sat.,0
zPMUL7f4OOU_420000_430000,zPMUL7f4OOU_420000_430000_cello_4,0,The final object to emit sound.,0
URZyjoh9lbc_500000_510000,URZyjoh9lbc_500000_510000_dog_4,0,The object next to the woman.,0
cmNI6jiMKik_46000_56000,cmNI6jiMKik_46000_56000_clarinet_5,0,The volume of the object increases gradually.,0
D8H9mRHTvso_30000_40000,D8H9mRHTvso_30000_40000_clarinet_1,3,The sounding object on the left of the piano.,0
a1nWlW629TU_15000_25000,a1nWlW629TU_15000_25000_marimba_3,1,The object making a sound by being played by the woman standing on the right.,0
8hr42lVW_gk_60000_70000,8hr42lVW_gk_60000_70000_clarinet_4,2,The clarinet positioned in front of the man near the blackboard.,0
vifFbeL5rOo_9000_19000,vifFbeL5rOo_9000_19000_clarinet_6,0,Controlled by the standing man_the object sounded.,0
ETmo71vP7tA_20000_30000,ETmo71vP7tA_20000_30000_piano_3,0,The sounding object behind the clarinet.,0
oaYIWYXFMqY_70000_80000,oaYIWYXFMqY_70000_80000_flute_6,4,Producing briefer tones than the handpan_the object sounded.,0
pNV8MKNqOkI_20000_30000,pNV8MKNqOkI_20000_30000_saxophone_1,0,The saxophone on the left of the guitar.,0
8hr42lVW_gk_60000_70000,8hr42lVW_gk_60000_70000_clarinet_5,3,The object being played by a girl.,0
PSoKYh3ea1o_60000_70000,PSoKYh3ea1o_60000_70000_clarinet_3,3,The sounding object on the right of the flute.,0
CCFZT2_TJr0_15000_25000,CCFZT2_TJr0_15000_25000_clarinet_4,0,The object emitting the most intense sound.,0
UViY20HJWaI_140000_150000,UViY20HJWaI_140000_150000_marimba_5,1,The object being played by the man.,0
5FYG_Wtet7U_120000_130000,5FYG_Wtet7U_120000_130000_handpan_4,3,The object being played by the man in red.,0
4GUrjmIZcIQ_82000_92000,4GUrjmIZcIQ_82000_92000_chair_3,3,The chair sat by the person playing the piano.,0
UViY20HJWaI_140000_150000,UViY20HJWaI_140000_150000_marimba_6,1,The object being struck with sticks.,0
r4NdM595K5c_40000_50000,r4NdM595K5c_40000_50000_flute_4,2,Adjacent to the guitar_the sounding object stood.,0
JgkUToh3HeY_49000_59000,JgkUToh3HeY_49000_59000_pipa_1,0,The pipa on the left of the sounding guzheng.,0
lcOP60uXMeI_20000_30000,lcOP60uXMeI_20000_30000_piano_1,6,The object making a sound by being played by the man on the left,0
PSoKYh3ea1o_60000_70000,PSoKYh3ea1o_60000_70000_clarinet_6,3,The sounding entity to the right of the flute.,0
8hr42lVW_gk_60000_70000,8hr42lVW_gk_60000_70000_clarinet_1,2,The clarinet in front of the man near the blackboard.,0
hYt2Qf438l8_40000_50000,hYt2Qf438l8_40000_50000_saxophone_4,1,The item with the briefest sound duration.,0
URZyjoh9lbc_500000_510000,URZyjoh9lbc_500000_510000_chair_2,1,The chair behind a woman.,0
JgkUToh3HeY_49000_59000,JgkUToh3HeY_49000_59000_pipa_5,0,The object being played by the man_generating sound.,0
mUN93MlvX64_42000_52000,mUN93MlvX64_42000_52000_piano_6,6,The object producing the lowest sound.,0
r4NdM595K5c_40000_50000,r4NdM595K5c_40000_50000_flute_3,2,The object making a sound by being played by the man in black.,0
7pNykt6zACc_275000_285000,7pNykt6zACc_275000_285000_chair_2,1,The chair sit by a woman wearing mask.,0
JgkUToh3HeY_49000_59000,JgkUToh3HeY_49000_59000_guzheng_5,3,The sounding entity to the right of the pipa.,0
PdHpl04tQV8_40000_50000,PdHpl04tQV8_40000_50000_marimba_4,1,The entity producing sound through being played by the man.,0
dVa49WwXzr8_481000_491000,dVa49WwXzr8_481000_491000_marimba_3,1,The sounding object on the left of the sounding harp.,0
lcOP60uXMeI_20000_30000,lcOP60uXMeI_20000_30000_piano_2,6,The sounding object near the man wearing the glasses,0
K3_JNw7Jqyw_70000_80000,K3_JNw7Jqyw_70000_80000_flute_1,0,The sounding object.,0
lcOP60uXMeI_198000_208000,lcOP60uXMeI_198000_208000_piano_5,4,The intermittent sound-producing object.,0
9scT0XNxmVw_330000_340000,9scT0XNxmVw_330000_340000_couch_6,1,The object beneath the sounding woman.,0
OPVEPq_r-vk_211000_221000,OPVEPq_r-vk_211000_221000_saxophone_2,1,The object making a sound by being played by the man.,0
CCFZT2_TJr0_15000_25000,CCFZT2_TJr0_15000_25000_clarinet_1,0,The object making the loudest sound.,0
OFgcrlxku9g_160000_170000,OFgcrlxku9g_160000_170000_saxophone_3,0,The sounding object on the right of the man on the right of the woman.,0
E8zQtjE2Q0M_105000_115000,E8zQtjE2Q0M_105000_115000_chair_2,5,The object on the left of the sounding handpan and with a handpan on it. ,0
dUcOkRkz6bA_387000_397000,dUcOkRkz6bA_387000_397000_man_4,6,The man positioned in the center.,0
URZyjoh9lbc_500000_510000,URZyjoh9lbc_500000_510000_chair_1,1,The chair.,0
PdHpl04tQV8_40000_50000,PdHpl04tQV8_40000_50000_marimba_5,1,The entity producing sound through being beaten with sticks.,0
4k63MOSjOBw_21000_31000,4k63MOSjOBw_21000_31000_violin_5,0,The object emitting sound subsequent to the piano.,0
Pe1LuVFTczE_358000_368000,Pe1LuVFTczE_358000_368000_pipa_1,3,The object making the fastest rhythm.,0
6WUjWMuoEhM_10000_20000,6WUjWMuoEhM_10000_20000_hair-dryer_3,0,The sounding object.,0
U1dZX1ReD88_48000_58000,U1dZX1ReD88_48000_58000_saxophone_3,1,The object making a sound by being played by the standing man.,0
oaYIWYXFMqY_70000_80000,oaYIWYXFMqY_70000_80000_bass_4,0,A man supported the bass guitar.,0
tMorLZku6Pc_194000_204000,tMorLZku6Pc_194000_204000_tabla_1,1,The sounding object on the left of the sitar.,0
5FYG_Wtet7U_120000_130000,5FYG_Wtet7U_120000_130000_violin_2,0,The object making the slowest rhythm.,0
mUN93MlvX64_42000_52000,mUN93MlvX64_42000_52000_piano_1,6,The sounding object on the right of the bassoon.,0
FHSoSamzdAY_845000_855000,FHSoSamzdAY_845000_855000_violin_1,0,The object making the loudest sound.,0
wdB0tV2egxE_260000_270000,wdB0tV2egxE_260000_270000_chair_6,3,The chair positioned on the far left.,0
lcOP60uXMeI_396000_406000,lcOP60uXMeI_396000_406000_piano_4,5,The instrument being played by the man on the left.,0
vifFbeL5rOo_9000_19000,vifFbeL5rOo_9000_19000_clarinet_5,0,To the right of the piano_the sounding object stood.,0
J_r9nOIoozw_133000_143000,J_r9nOIoozw_133000_143000_guitar_5,1,The object being played by the woman_generating sound.,0
9xp46AwF9BY_38000_48000,9xp46AwF9BY_38000_48000_piano_2,3,The object making the lowest sound.,0
LIUU1ZmIljc_270000_280000,LIUU1ZmIljc_270000_280000_marimba_6,5,The object being played by a standing woman.,0.0001051175656984
MFn93Sqq23g_10000_20000,MFn93Sqq23g_10000_20000_man_5,0,The bespectacled man near The source of the sound.,0.0001066315862399
dVa49WwXzr8_481000_491000,dVa49WwXzr8_481000_491000_marimba_2,1,The object making a sound by being beaten with sticks.,0.0001072449952335
8hr42lVW_gk_60000_70000,8hr42lVW_gk_60000_70000_man_1,1,The man in front of the blackboard.,0.0001104057410985
umOS1bOBa1U_1676000_1686000,umOS1bOBa1U_1676000_1686000_woman_4,2,The singing woman situated to the left of the sounding object.,0.0001114540466392
EQWvv8WbU04_22000_32000,EQWvv8WbU04_22000_32000_marimba_4,1,The object being played by the man_producing sound.,0.0001125534258647
ETmo71vP7tA_20000_30000,ETmo71vP7tA_20000_30000_piano_4,0,The object with the longest duration of sound.,0.0001145475372279
mUN93MlvX64_42000_52000,mUN93MlvX64_42000_52000_piano_4,6,The sounding object to the right of the bassoon.,0.0001294079585894
vOj00VJiBuk_10000_20000,vOj00VJiBuk_10000_20000_chair_5,5,Occupied by a woman_the chair emitted sound.,0.0001341823819088
LIUU1ZmIljc_270000_280000,LIUU1ZmIljc_270000_280000_marimba_4,5,The entity producing a faster rhythm than the piano.,0.0001415512873978
zPMUL7f4OOU_420000_430000,zPMUL7f4OOU_420000_430000_man_4,6,Played by the woman_the cello emitted sound.,0.0001540198920219
9ZQ-T83pfWk_65000_75000,9ZQ-T83pfWk_65000_75000_flute_2,2,The sounding flute.,0.0001688110229035
Pe1LuVFTczE_106000_116000,Pe1LuVFTczE_106000_116000_woman_1,1,woman.,0.0001731178519403
4HXvK9zcoyk_115000_125000,4HXvK9zcoyk_115000_125000_guitar_4,1,The entity emitting the lowest sound.,0.0001819848246805
79T0FclnIDw_0_10000,79T0FclnIDw_0_10000_boy_1,0,The object that making a sound before the woman.,0.0001828710758914
LIUU1ZmIljc_270000_280000,LIUU1ZmIljc_270000_280000_marimba_2,5,The object making the fastest rhythm.,0.0002094356160719
MFn93Sqq23g_10000_20000,MFn93Sqq23g_10000_20000_man_2,0,The wearing the glasses man near the sounding object.,0.0002159511306855
LIUU1ZmIljc_270000_280000,LIUU1ZmIljc_270000_280000_marimba_5,5,The entity with the swiftest rhythm.,0.0002170846989543
dRa7aBGnStU_82000_92000,dRa7aBGnStU_82000_92000_handpan_5,1,The object producing a longer duration of sound compared to the violin.,0.0002248875562218
W5yveLPTD04_211000_221000,W5yveLPTD04_211000_221000_saxophone_5,0,The object producing the loudest sound.,0.0002571765501677
4DCxlVTWN8g_3000_13000,4DCxlVTWN8g_3000_13000_guzheng_5,1,The entity manipulated by the standing woman.,0.0002631578947368
4DCxlVTWN8g_3000_13000,4DCxlVTWN8g_3000_13000_guzheng_4,1,The entity manipulated by the woman on the right.,0.0002633889376646
cmNI6jiMKik_46000_56000,cmNI6jiMKik_46000_56000_clarinet_4,0,The instrument played by the man_producing sound.,0.0002661208462442
JgkUToh3HeY_49000_59000,JgkUToh3HeY_49000_59000_pipa_4,0,The pipa to the left of the sounding guzheng.,0.000268279341591
wrdAEmNvEj4_831000_841000,wrdAEmNvEj4_831000_841000_cat_3,0,The sounding object near the car.,0.000278019113814
LIUU1ZmIljc_480000_490000,LIUU1ZmIljc_480000_490000_marimba_4,3,The entity producing the most intense sound.,0.0002852568110194
K3_JNw7Jqyw_70000_80000,K3_JNw7Jqyw_70000_80000_flute_5,0,The perpetually sounding entity.,0.0002944062806673
4HXvK9zcoyk_115000_125000,4HXvK9zcoyk_115000_125000_guitar_1,1,The object making the lowest sound.,0.0002944724504242
EnMdx6V5e6A_22000_32000,EnMdx6V5e6A_22000_32000_hair-dryer_6,0,The woman holding the hair-dryer.,0.0003020539669754
JgkUToh3HeY_49000_59000,JgkUToh3HeY_49000_59000_guzheng_2,3,The sounding object on the right of the pipa.,0.0003109259385411
9ZQ-T83pfWk_65000_75000,9ZQ-T83pfWk_65000_75000_flute_3,2,The object making a sound by being played by the woman.,0.0003225951209783
vOj00VJiBuk_10000_20000,vOj00VJiBuk_10000_20000_chair_1,5,The grey chair.,0.0003344580881799
W5yveLPTD04_211000_221000,W5yveLPTD04_211000_221000_saxophone_2,0,The object making the loudest sound.,0.0003373026594579
cmNI6jiMKik_46000_56000,cmNI6jiMKik_46000_56000_clarinet_3,0,The clarinet in front of the sounding piano.,0.000361606710719
4k63MOSjOBw_21000_31000,4k63MOSjOBw_21000_31000_violin_4,0,The violin being utilized for performance.,0.0003745318352059
4k63MOSjOBw_21000_31000,4k63MOSjOBw_21000_31000_violin_6,0,The entity with the swiftest tempo.,0.0003937007874015
cmNI6jiMKik_46000_56000,cmNI6jiMKik_46000_56000_clarinet_6,0,The clarinet positioned in front of the sounding piano.,0.0003990990761063
lcOP60uXMeI_396000_406000,lcOP60uXMeI_396000_406000_woman_4,3,The cello being played_emitting sound.,0.0004012841091492
oyi5pKPwz9Q_3000_13000,oyi5pKPwz9Q_3000_13000_violin_5,1,A standing boy cradled the violin.,0.0004076209700309
9ZQ-T83pfWk_65000_75000,9ZQ-T83pfWk_65000_75000_flute_6,2,The object being played by the woman.,0.00041604503435
E8zQtjE2Q0M_105000_115000,E8zQtjE2Q0M_105000_115000_handpan_1,0,The sounding object on the legs of the man on the left.,0.0004329075576545
cmNI6jiMKik_46000_56000,cmNI6jiMKik_46000_56000_clarinet_1,0,The object making a sound by bing played by the man.,0.0004355703107459
jj1UxRTBaNw_210000_220000,jj1UxRTBaNw_210000_220000_piano_4,0,The sounding object to the right of the guzheng.,0.0004552480038663
E8zQtjE2Q0M_105000_115000,E8zQtjE2Q0M_105000_115000_handpan_4,0,The sounding entity situated on the legs of the man on the left.,0.0004763547976705
EQWvv8WbU04_22000_32000,EQWvv8WbU04_22000_32000_marimba_5,1,The object being struck with sticks_emitting sound.,0.0004922863794153
45oaGY3mzlQ_5000_15000,45oaGY3mzlQ_5000_15000_cello_5,0,The entity emitting the lowest sound.,0.0005048805116122
xUQ9rDswHdw_140000_150000,xUQ9rDswHdw_140000_150000_guzheng_3,1,The sounding object on the right of the pipa.,0.0005090795729093
aBmzZJZ_M8Y_9000_19000,aBmzZJZ_M8Y_9000_19000_clarinet_6,1,The object being played by a standing man.,0.0005295626358571
LIUU1ZmIljc_480000_490000,LIUU1ZmIljc_480000_490000_marimba_5,3,The entity emitting a louder sound than the piano.,0.0005437987003964
CVA8LpBW3Sc_76000_86000,CVA8LpBW3Sc_76000_86000_cello_1,1,The first object to make a sound.,0.0005597788244165
2QAev97bk0c_75000_85000,2QAev97bk0c_75000_85000_woman_4,0,The entity producing sound via pipa play.,0.0005712311969293
eK12jfQSnRQ_90000_100000,eK12jfQSnRQ_90000_100000_cello_3,1,The sounding object on the left of the saxophone.,0.000584307178631
4DCxlVTWN8g_3000_13000,4DCxlVTWN8g_3000_13000_guzheng_2,1,The object making a sound by being played by the woman standing.,0.0006117669900247
4DCxlVTWN8g_3000_13000,4DCxlVTWN8g_3000_13000_guzheng_1,1,The object making a sound by being played by the woman on the right.,0.0006133586132154
FMx1BqhCDIk_90000_100000,FMx1BqhCDIk_90000_100000_couch_6,2,The object positioned behind the sounding man.,0.0006141505519415
aBmzZJZ_M8Y_9000_19000,aBmzZJZ_M8Y_9000_19000_clarinet_1,1,The clarinet.,0.0006282030087617
K3_JNw7Jqyw_70000_80000,K3_JNw7Jqyw_70000_80000_flute_4,0,The source of the sound.,0.0006403415154749
872Lwp3MOro_6000_16000,872Lwp3MOro_6000_16000_hair-dryer_1,1,The first object to make a sound.,0.0006610690283124
aBmzZJZ_M8Y_9000_19000,aBmzZJZ_M8Y_9000_19000_clarinet_5,1,The object being played by the man.,0.0006762491406142
JgkUToh3HeY_49000_59000,JgkUToh3HeY_49000_59000_pipa_3,0,The object making the shortest sound duration.,0.0007537617199314
umOS1bOBa1U_1676000_1686000,umOS1bOBa1U_1676000_1686000_woman_3,2,The first object to make a sound.,0.0007606872448065
aBmzZJZ_M8Y_9000_19000,aBmzZJZ_M8Y_9000_19000_clarinet_2,1,The object making a sound by being played by the man,0.0008035050990266
aBmzZJZ_M8Y_9000_19000,aBmzZJZ_M8Y_9000_19000_clarinet_3,1,The object making a sound by being played by a standing man.,0.0008172646437715
ZPYqUww_x6k_293000_303000,ZPYqUww_x6k_293000_303000_cello_3,1,The object making the lowest sound.,0.0008457455898789
pG1aSAUbf4I_150000_160000,pG1aSAUbf4I_150000_160000_handpan_5,0,A man in a black hat played the handpan.,0.0008639308855291
tMorLZku6Pc_194000_204000,tMorLZku6Pc_194000_204000_tabla_4,1,To the left of the sitar_the sounding object stood.,0.0008894767809104
vOj00VJiBuk_10000_20000,vOj00VJiBuk_10000_20000_chair_3,5,The object being seated by the girl on the right.,0.000941312395059
FMx1BqhCDIk_90000_100000,FMx1BqhCDIk_90000_100000_couch_2,2,The object behind the sounding being played by the man and on the right of the door.,0.0010441799142454
YAW2vMKV9pw_50000_60000,YAW2vMKV9pw_50000_60000_table_6,1,The object beneath the sounding keyboard.,0.0010505583564362
wrdAEmNvEj4_831000_841000,wrdAEmNvEj4_831000_841000_cat_1,0,The object keeping wagging its tail.,0.0010873440285204
pNV8MKNqOkI_20000_30000,pNV8MKNqOkI_20000_30000_guitar_1,2,The guitar being played by a man in gray shirt.,0.0010884831460674
JgkUToh3HeY_49000_59000,JgkUToh3HeY_49000_59000_guzheng_3,3,The object making longer sound duration than the pipa.,0.0011160180494674
ZPYqUww_x6k_293000_303000,ZPYqUww_x6k_293000_303000_cello_6,1,The object producing the lowest sound.,0.0011485294596639
ehlPuuiNEd8_376000_386000,ehlPuuiNEd8_376000_386000_pipa_1,1,The sounding object near the man on the far left.,0.0011637572734829
9scT0XNxmVw_330000_340000,9scT0XNxmVw_330000_340000_couch_1,1,The couch being sat on by the woman in green.,0.0011693778117049
9scT0XNxmVw_330000_340000,9scT0XNxmVw_330000_340000_couch_2,1,The object was sat by the speaking woman.,0.0011859065037814
FMx1BqhCDIk_90000_100000,FMx1BqhCDIk_90000_100000_couch_4,2,The couch occupied by a man.,0.0012080633125525
K3_JNw7Jqyw_70000_80000,K3_JNw7Jqyw_70000_80000_flute_2,0,The object that keeps making sound at all times.,0.0012428799820549
umOS1bOBa1U_1676000_1686000,umOS1bOBa1U_1676000_1686000_woman_6,2,The initial sounding object.,0.0012976393535093
FMx1BqhCDIk_90000_100000,FMx1BqhCDIk_90000_100000_couch_5,2,The object positioned behind the sounding object played by the man and to the right of the door.,0.0013833341971813
JgkUToh3HeY_49000_59000,JgkUToh3HeY_49000_59000_pipa_6,0,The object with the shortest sound duration.,0.0014336995991478
2wmxck5D9Vw_102000_112000,2wmxck5D9Vw_102000_112000_violin_3,0,The object making a sound by being played by the person on the left.,0.0015532135497272
45oaGY3mzlQ_5000_15000,45oaGY3mzlQ_5000_15000_cello_4,0,The entity following the violin in sound emission.,0.0016156176371592
EuU2PWB1t2g_20000_30000,EuU2PWB1t2g_20000_30000_piano_1,0,The sounding piano.,0.0016301505747485
LIUU1ZmIljc_270000_280000,LIUU1ZmIljc_270000_280000_marimba_1,5,The object making faster rhythm than the piano.,0.0016495644853793
OGCyzmaM_kE_10000_20000,OGCyzmaM_kE_10000_20000_flute_4,2,The entity producing sound through being played by the individual on the right.,0.0016685205784204
URZyjoh9lbc_560000_570000,URZyjoh9lbc_560000_570000_chair_4,1,The object with a white cushion on it.,0.001706075660409
YAW2vMKV9pw_50000_60000,YAW2vMKV9pw_50000_60000_table_3,1,The object under the sounding keyboard.,0.0017221719544323
OGCyzmaM_kE_10000_20000,OGCyzmaM_kE_10000_20000_flute_5,2,The entity producing sound through being played by the woman adorned in a white dress.,0.0017640573318632
OGCyzmaM_kE_10000_20000,OGCyzmaM_kE_10000_20000_flute_1,2,The object making a sound by being played by the person on the right.,0.0018619934282584
OGCyzmaM_kE_10000_20000,OGCyzmaM_kE_10000_20000_flute_6,2,The entity being held by the woman in white.,0.0018660812294182
OGCyzmaM_kE_10000_20000,OGCyzmaM_kE_10000_20000_flute_3,2,The object being held by the woman in white.,0.0018763796909492
jj1UxRTBaNw_210000_220000,jj1UxRTBaNw_210000_220000_guzheng_6,4,The instrument being played by the woman on the left_emitting sound.,0.0018813638307664
eK12jfQSnRQ_90000_100000,eK12jfQSnRQ_90000_100000_cello_6,1,The sounding object to the left of the saxophone.,0.0019429011187122
BRAQLY85x5U_75000_85000,BRAQLY85x5U_75000_85000_chair_1,9,The chair being sat on by the woman.,0.0019430954742808
OGCyzmaM_kE_10000_20000,OGCyzmaM_kE_10000_20000_flute_2,2,The object making a sound by being played by the woman wearing a white dress.,0.0019607843137254
URZyjoh9lbc_560000_570000,URZyjoh9lbc_560000_570000_chair_1,1,The object with a white cushion on it,0.0019875834614293
8cGUDi8c7a4_113000_123000,8cGUDi8c7a4_113000_123000_girl_6,0,The object emitting sound through vocalization and guitar play.,0.0020065218814411
lcOP60uXMeI_198000_208000,lcOP60uXMeI_198000_208000_woman_4,0,The cello being played_producing sound.,0.0020455608633995
DQ1ipAzV9Gk_380000_390000,DQ1ipAzV9Gk_380000_390000_boy_5,0,The object following the woman in sound emission.,0.0020593837678135
pNV8MKNqOkI_20000_30000,pNV8MKNqOkI_20000_30000_saxophone_6,0,Played by the man in the floral shirt_the instrument resounded.,0.0021300634661127
rozFJYWrLj0_120000_130000,rozFJYWrLj0_120000_130000_woman_6,1,The woman occupied the right side of a man.,0.0021410472037092
YAW2vMKV9pw_50000_60000,YAW2vMKV9pw_50000_60000_table_2,1,The yellow table.,0.0022177211098624
DQ1ipAzV9Gk_380000_390000,DQ1ipAzV9Gk_380000_390000_boy_4,0,The object emitting sound in response to women.,0.002238635081492
mqB05HNR03g_630000_640000,mqB05HNR03g_630000_640000_table_1,0,The table appearing through the entire video.,0.0022394043015756
MDyjY3uiWp0_354000_364000,MDyjY3uiWp0_354000_364000_saw_5,2,The object placed on the table.,0.0023302811060177
dRa7aBGnStU_82000_92000,dRa7aBGnStU_82000_92000_handpan_6,1,The initial sound-producing object.,0.0023988005997001
wrdAEmNvEj4_831000_841000,wrdAEmNvEj4_831000_841000_cat_4,0,The object continuously wagging its tail.,0.0024337558055099
E8zQtjE2Q0M_105000_115000,E8zQtjE2Q0M_105000_115000_handpan_6,0,The object being played by the man in brown_emitting sound.,0.0024427765083597
EzPcuNoSHMM_0_10000,EzPcuNoSHMM_0_10000_couch_6,1,The object positioned behind the sounding clock.,0.002498724404877
OMYuLiqSUxE_180000_190000,OMYuLiqSUxE_180000_190000_clarinet_4,0,The perpetually sounding object.,0.0025316455696202
zM7QopQ3MgI_499000_509000,zM7QopQ3MgI_499000_509000_tabla_2,1,The object making the fastest rhythm.,0.0026391476786013
umOS1bOBa1U_1676000_1686000,umOS1bOBa1U_1676000_1686000_woman_1,2,The singing woman on the left of the sounding object.,0.0027208890553696
UlYU9z7Y8jY_68000_78000,UlYU9z7Y8jY_68000_78000_marimba_2,1,The object that keeps making sound at all times.,0.00275794082852
EzPcuNoSHMM_0_10000,EzPcuNoSHMM_0_10000_couch_3,1,The object behind the sounding clock.,0.0027916711484948
9xp46AwF9BY_38000_48000,9xp46AwF9BY_38000_48000_violin_2,2,The object making the loudest sound.,0.0027916976349952
dRa7aBGnStU_82000_92000,dRa7aBGnStU_82000_92000_violin_1,0,The object making a sound by being played by the man on the right.,0.0028407070130528
ZR3vnlhJuSE_101000_111000,ZR3vnlhJuSE_101000_111000_bass_2,0,The sounding bass.,0.0029644268774703
CCFZT2_TJr0_15000_25000,CCFZT2_TJr0_15000_25000_piano_2,4,The object making slower rhythm than the clarinet.,0.0030251052549508
jj1UxRTBaNw_210000_220000,jj1UxRTBaNw_210000_220000_guzheng_5,4,The sounding object to the left of the piano.,0.0030514774423128
BRAQLY85x5U_75000_85000,BRAQLY85x5U_75000_85000_chair_4,9,The chair being occupied by the woman.,0.0030852249377537
OFgcrlxku9g_160000_170000,OFgcrlxku9g_160000_170000_saxophone_1,1,The object being held by the man on the left.,0.0031913433906741
EXjmfFyOAqA_30000_40000,EXjmfFyOAqA_30000_40000_flute_5,2,The object preceding the ukulele in sound emission.,0.0031947532944586
2wmxck5D9Vw_102000_112000,2wmxck5D9Vw_102000_112000_violin_4,0,The entity manipulated by the standing person.,0.0032036848457418
vOj00VJiBuk_80000_90000,vOj00VJiBuk_80000_90000_girl_1,0,girl.,0.0032257043496306
pf6ZpxTFL1Y_51000_61000,pf6ZpxTFL1Y_51000_61000_girl_5,0,Positioned behind the ukulele_the sounding object stood.,0.0032313772149048
EzPcuNoSHMM_0_10000,EzPcuNoSHMM_0_10000_couch_1,1,The brown couch.,0.0032832458907794
BRAQLY85x5U_75000_85000,BRAQLY85x5U_75000_85000_chair_3,9,the chair being sat on by a woman.,0.0033168565668134
w7vA5f0vPvQ_15000_25000,w7vA5f0vPvQ_15000_25000_flute_2,4,The object making a sound by being played by the person on the left.,0.00339450272238
EzPcuNoSHMM_0_10000,EzPcuNoSHMM_0_10000_couch_2,1,The couch behind a clock.,0.0034143685133791
2wmxck5D9Vw_102000_112000,2wmxck5D9Vw_102000_112000_violin_6,0,The entity manipulated by the person on the left.,0.0035412935108655
w7vA5f0vPvQ_15000_25000,w7vA5f0vPvQ_15000_25000_flute_1,4,The object making a sound by being played by the woman.,0.0036060179295728
sMsrz5VqchQ_130000_140000,sMsrz5VqchQ_130000_140000_piano_6,0,Near the woman_the sounding object stood.,0.0036094565127879
2wmxck5D9Vw_102000_112000,2wmxck5D9Vw_102000_112000_violin_5,0,The entity manipulated by the woman.,0.0037887809855383
TCcD-vOUtNc_99000_109000,TCcD-vOUtNc_99000_109000_harp_5,7,The object being played by the woman in the middle.,0.0038421288750729
eK12jfQSnRQ_90000_100000,eK12jfQSnRQ_90000_100000_cello_4,1,The instrument being played by the woman_generating sound.,0.0039533599902531
2wmxck5D9Vw_102000_112000,2wmxck5D9Vw_102000_112000_violin_1,0,The object making a sound by being played by the standing person.,0.0039731588347846
2wmxck5D9Vw_102000_112000,2wmxck5D9Vw_102000_112000_violin_2,0,The object making a sound by being played by the woman.,0.004010973418967
EzPcuNoSHMM_0_10000,EzPcuNoSHMM_0_10000_couch_5,1,The couch positioned behind a clock.,0.0040308152181173
BRAQLY85x5U_75000_85000,BRAQLY85x5U_75000_85000_chair_6,9,The chair being occupied by a woman.,0.0041904757641309
JStvWj9GKhQ_14000_24000,JStvWj9GKhQ_14000_24000_cello_3,0,The sounding object on the right of the violin.,0.0042561700600925
xUQ9rDswHdw_140000_150000,xUQ9rDswHdw_140000_150000_guzheng_5,1,Controlled by the first woman from the right_the object sounded.,0.0044051562155392
iSBtK1T10Ew_1065000_1075000,iSBtK1T10Ew_1065000_1075000_flute_2,0,The sounding object near the piano.,0.0045568295582058
OFgcrlxku9g_160000_170000,OFgcrlxku9g_160000_170000_saxophone_4,1,The entity being held by the man on the left.,0.0046680947801333
eK12jfQSnRQ_90000_100000,eK12jfQSnRQ_90000_100000_cello_5,1,The sounding item close to the woman.,0.0046786908071568
dRa7aBGnStU_82000_92000,dRa7aBGnStU_82000_92000_violin_4,0,The instrument being played by the man on the right_generating sound.,0.0048070110094699
zM7QopQ3MgI_499000_509000,zM7QopQ3MgI_499000_509000_tabla_3,1,The sounding object on the left of the sitar.,0.0048085305487527
JStvWj9GKhQ_14000_24000,JStvWj9GKhQ_14000_24000_cello_5,0,The object being played by the man_producing sound.,0.0048412252598695
EQWvv8WbU04_22000_32000,EQWvv8WbU04_22000_32000_marimba_2,1,The object making a sound by being beaten with sticks.,0.0048587245780772
UlYU9z7Y8jY_68000_78000,UlYU9z7Y8jY_68000_78000_marimba_5,1,The object that produces sound continuously.,0.0049044797517041
K3_JNw7Jqyw_70000_80000,K3_JNw7Jqyw_70000_80000_flute_6,0,The object emitting sound through being played by the man.,0.0049365053425485
ehlPuuiNEd8_376000_386000,ehlPuuiNEd8_376000_386000_pipa_3,1,The object being held by the person on the far left.,0.0050504555963552
xUQ9rDswHdw_140000_150000,xUQ9rDswHdw_140000_150000_guzheng_4,1,Controlled by the woman on the far right_the object sounded.,0.0052233856800179
tMorLZku6Pc_194000_204000,tMorLZku6Pc_194000_204000_tabla_5,1,Controlled by the man with long hair_the object sounded.,0.005237754977994
872Lwp3MOro_6000_16000,872Lwp3MOro_6000_16000_hair-dryer_6,1,The perpetual noise-emitting entity.,0.0052894192135776
ehlPuuiNEd8_376000_386000,ehlPuuiNEd8_376000_386000_pipa_6,1,The object being held by the far-left person.,0.0053287964583703
TCcD-vOUtNc_99000_109000,TCcD-vOUtNc_99000_109000_harp_2,7,The object making a sound by being played by the woman in the middle.,0.0054877338082193
CjQmcO_Q5d8_42000_52000,CjQmcO_Q5d8_42000_52000_piano_3,4,The sounding object behind the man.,0.0056529246601028
ZR3vnlhJuSE_101000_111000,ZR3vnlhJuSE_101000_111000_man_1,1,The object making a sound by playing the bass.,0.0057001033729952
5mj2JhPAUBg_180000_190000,5mj2JhPAUBg_180000_190000_handpan_5,1,The object being played by the man on the right.,0.0058236272878535
5mj2JhPAUBg_180000_190000,5mj2JhPAUBg_180000_190000_handpan_6,1,The object being played by the man wearing a hat.,0.0059701492537313
E8zQtjE2Q0M_105000_115000,E8zQtjE2Q0M_105000_115000_handpan_3,0,The object making a sound by being played by the man in brown.,0.0061376632885982
jj1UxRTBaNw_210000_220000,jj1UxRTBaNw_210000_220000_guzheng_3,4,The object making a sound by being played by the woman on the left.,0.0061871211503008
MFn93Sqq23g_10000_20000,MFn93Sqq23g_10000_20000_guitar_3,2,The bigger and brown guitar.,0.0063382454107195
K3_JNw7Jqyw_70000_80000,K3_JNw7Jqyw_70000_80000_flute_3,0,The object making a sound by being played by the man.,0.00635816411424
ds3RKnNB-cY_8000_18000,ds3RKnNB-cY_8000_18000_hair-dryer_1,0,The object that keeps making sound at all times.,0.0064516129032258
iSBtK1T10Ew_1065000_1075000,iSBtK1T10Ew_1065000_1075000_flute_6,0,The item held by the standing woman_creating sound.,0.0064737296523167
iSBtK1T10Ew_1065000_1075000,iSBtK1T10Ew_1065000_1075000_flute_5,0,The sounding object close to the piano.,0.0064956145421511
iSBtK1T10Ew_415000_425000,iSBtK1T10Ew_415000_425000_flute_3,2,The object making the loudest sound.,0.0065921643959772
iSBtK1T10Ew_1065000_1075000,iSBtK1T10Ew_1065000_1075000_flute_3,0,The object being held by the standing woman.,0.0066754453086953
ZU0JSxWk1Po_2000_12000,ZU0JSxWk1Po_2000_12000_guzheng_5,1,The sounding object to the right of the pipa.,0.0070257897559899
MDyjY3uiWp0_354000_364000,MDyjY3uiWp0_354000_364000_saw_2,2,The object put on the table.,0.0070782118953427
S_NJKy7Aoto_213000_223000,S_NJKy7Aoto_213000_223000_sitar_6,0,The object producing the loudest sound.,0.0073592506589249
iSBtK1T10Ew_1065000_1075000,iSBtK1T10Ew_1065000_1075000_flute_4,0,The instrument being played by the woman in white_emitting sound.,0.0073793562096004
Pe1LuVFTczE_358000_368000,Pe1LuVFTczE_358000_368000_pipa_6,3,The entity producing sound through being played by the woman.,0.0075296671646715
xUQ9rDswHdw_140000_150000,xUQ9rDswHdw_140000_150000_pipa_1,2,The object making a sound by being played by the woman on the right of the bald man.,0.0077722418782309
iSBtK1T10Ew_1065000_1075000,iSBtK1T10Ew_1065000_1075000_flute_1,0,The object making a sound by being played by the woman in white.,0.0078506147631194
6WUjWMuoEhM_10000_20000,6WUjWMuoEhM_10000_20000_couch_5,1,The object occupied by two individuals.,0.0080526158053994
7pWa_kcAoMg_49000_59000,7pWa_kcAoMg_49000_59000_cello_3,1,The object making lower sound than the saxophone.,0.0081260939778529
Pe1LuVFTczE_358000_368000,Pe1LuVFTczE_358000_368000_pipa_3,3,The object making a sound by being played by the woman.,0.0081578395156358
872Lwp3MOro_6000_16000,872Lwp3MOro_6000_16000_hair-dryer_4,1,The inaugural sound-producing entity.,0.0082462966314107
45oaGY3mzlQ_5000_15000,45oaGY3mzlQ_5000_15000_cello_2,0,The object making the lowest sound.,0.0085943121711996
w7vA5f0vPvQ_15000_25000,w7vA5f0vPvQ_15000_25000_flute_6,4,The loudest sounding object.,0.0086755452958784
eK12jfQSnRQ_90000_100000,eK12jfQSnRQ_90000_100000_cello_2,1,The sounding object near the woman.,0.0087124427644745
pNV8MKNqOkI_20000_30000,pNV8MKNqOkI_20000_30000_clarinet_6,3,Played by the man farthest to the right_the instrument resounded.,0.0088641813875762
f0jKjIOFzAY_225000_235000,f0jKjIOFzAY_225000_235000_cello_2,1,The object making the shortest sound duration.,0.0090029278790273
5mj2JhPAUBg_180000_190000,5mj2JhPAUBg_180000_190000_handpan_3,1,The object making a sound by being played by the man wearing a hat.,0.0096259936908517
5mj2JhPAUBg_180000_190000,5mj2JhPAUBg_180000_190000_handpan_2,1,The object making a sound by being played by the man in the right.,0.0098569828990228
sV1o5VmL-9g_824000_834000,sV1o5VmL-9g_824000_834000_dog_2,3,The object that making a sound after the man.,0.0100234081612805
9xp46AwF9BY_38000_48000,9xp46AwF9BY_38000_48000_violin_1,6,The object making the slowest rhythm.,0.0101997539340579
pNV8MKNqOkI_20000_30000,pNV8MKNqOkI_20000_30000_saxophone_3,0,The object making a sound by being played by the man wearing a floral shirt.,0.0102394348104789
iSBtK1T10Ew_415000_425000,iSBtK1T10Ew_415000_425000_piano_1,3,The sounding object behind the flute.,0.0103373540534204
pNV8MKNqOkI_20000_30000,pNV8MKNqOkI_20000_30000_clarinet_3,3,The object making a sound by being played by the man standing on the far right.,0.0104747846208364
xnx3u5YaNuc_402000_412000,xnx3u5YaNuc_402000_412000_piano_1,0,The object rhythm is faster over the time.,0.0108463642936769
ehlPuuiNEd8_376000_386000,ehlPuuiNEd8_376000_386000_pipa_2,1,The sounding object on the left of the guzheng.,0.0108552209619706
eK12jfQSnRQ_90000_100000,eK12jfQSnRQ_90000_100000_cello_1,1,The object making a sound by being played by the woman.,0.0110877217194637
ds3RKnNB-cY_8000_18000,ds3RKnNB-cY_8000_18000_hair-dryer_4,0,The perpetually sounding object.,0.0113793103448275
9scT0XNxmVw_330000_340000,9scT0XNxmVw_330000_340000_couch_5,1,The object sat upon by the speaking woman.,0.0116140375433628
2QAev97bk0c_75000_85000,2QAev97bk0c_75000_85000_pipa_1,5,The object making louder sound than the ukulele.,0.0117503767780739
2QAev97bk0c_75000_85000,2QAev97bk0c_75000_85000_pipa_4,5,The entity emitting a louder sound than the ukulele.,0.0120801872993845
puugfzdXYz4_30000_40000,puugfzdXYz4_30000_40000_man_5,1,Singing a song_the object sounded.,0.0123173056122046
GG-PF_JxeW4_1640000_1650000,GG-PF_JxeW4_1640000_1650000_woman_6,0,The entity near the man playing the piano and singing.,0.0124812466346518
EQWvv8WbU04_22000_32000,EQWvv8WbU04_22000_32000_marimba_6,1,The sounding entity positioned in front of the man.,0.0126472326621822
OMYuLiqSUxE_180000_190000,OMYuLiqSUxE_180000_190000_clarinet_1,0,The object that keeps making sound at all times.,0.0133761140819964
872Lwp3MOro_6000_16000,872Lwp3MOro_6000_16000_hair-dryer_2,1,The sounding object.,0.0134517879940279
OMYuLiqSUxE_180000_190000,OMYuLiqSUxE_180000_190000_clarinet_3,0,The object making a sound by being played by the standing man.,0.0134971768435917
w7vA5f0vPvQ_15000_25000,w7vA5f0vPvQ_15000_25000_flute_3,4,The object making the loudest sound.,0.0139635876539929
OMYuLiqSUxE_180000_190000,OMYuLiqSUxE_180000_190000_clarinet_5,0,The entity producing sound through being played by the man.,0.0141944020677745
rozFJYWrLj0_120000_130000,rozFJYWrLj0_120000_130000_guitar_5,2,Near the man on the left_the sounding object stood.,0.014207453327149
puugfzdXYz4_30000_40000,puugfzdXYz4_30000_40000_man_4,1,The object with the highest volume.,0.0142336371431247
ds3RKnNB-cY_8000_18000,ds3RKnNB-cY_8000_18000_hair-dryer_2,0,The sounding object.,0.0142857142857142
6WUjWMuoEhM_10000_20000,6WUjWMuoEhM_10000_20000_couch_2,1,The object with two person on it.,0.0145188331563097
OMYuLiqSUxE_180000_190000,OMYuLiqSUxE_180000_190000_clarinet_6,0,The entity producing sound through being played by the standing man.,0.0145705222394205
OMYuLiqSUxE_180000_190000,OMYuLiqSUxE_180000_190000_clarinet_2,0,The object making a sound by being played by the man.,0.0145988533717771
topmJqYT-Ts_1000_11000,topmJqYT-Ts_1000_11000_cello_2,1,The first object to make a sound.,0.0147027820254052
DQ1ipAzV9Gk_380000_390000,DQ1ipAzV9Gk_380000_390000_boy_1,0,The object making a sound by responding to women.,0.0147804019820461
V9KZ5FCtG9A_15000_25000,V9KZ5FCtG9A_15000_25000_bass_1,2,The black bass.,0.0147819106204979
f0jKjIOFzAY_225000_235000,f0jKjIOFzAY_225000_235000_saxophone_2,0,The object making the longest sound duration.,0.0148096745021472
9scT0XNxmVw_330000_340000,9scT0XNxmVw_330000_340000_couch_4,1,The couch being occupied by the woman in green.,0.01497337814138
CjQmcO_Q5d8_42000_52000,CjQmcO_Q5d8_42000_52000_piano_5,4,The object being played by the woman_producing sound.,0.0150079201896186
45oaGY3mzlQ_5000_15000,45oaGY3mzlQ_5000_15000_cello_1,0,The object that making a sound after the violin.,0.0152330366119684
puugfzdXYz4_30000_40000,puugfzdXYz4_30000_40000_man_1,1,The object making the loudest sound.,0.015361902604994
JgkUToh3HeY_49000_59000,JgkUToh3HeY_49000_59000_guzheng_6,3,The object with a longer duration of sound than the pipa.,0.0154824863831166
JStvWj9GKhQ_14000_24000,JStvWj9GKhQ_14000_24000_cello_4,0,The entity emitting the lowest sound.,0.0156050323707521
6WUjWMuoEhM_10000_20000,6WUjWMuoEhM_10000_20000_couch_1,1,The object with two men on it.,0.016223484188954
rzKjN2en0H8_830000_840000,rzKjN2en0H8_830000_840000_accordion_5,3,Played by the man in red pants_the instrument resounded.,0.0163434903047091
VlPdfLr1FSo_7000_17000,VlPdfLr1FSo_7000_17000_girl_6,0,The object placed on the sofa.,0.0164431438316856
mUN93MlvX64_42000_52000,mUN93MlvX64_42000_52000_piano_5,6,The instrument being played by the woman on the right.,0.0164869376405375
f0jKjIOFzAY_225000_235000,f0jKjIOFzAY_225000_235000_cello_5,1,The object with the shortest sound duration.,0.0169883496856069
7pWa_kcAoMg_49000_59000,7pWa_kcAoMg_49000_59000_cello_6,1,The entity emitting a lower sound than the saxophone.,0.0170915249337353
rzKjN2en0H8_830000_840000,rzKjN2en0H8_830000_840000_accordion_3,3,The object making a sound by being played by the man sitting in the middle.,0.017174515235457
rzKjN2en0H8_830000_840000,rzKjN2en0H8_830000_840000_accordion_2,3,The object making a sound by being played by the man in red pants.,0.017174515235457
ds3RKnNB-cY_8000_18000,ds3RKnNB-cY_8000_18000_hair-dryer_3,0,The object making a sound by being held by the woman.,0.0172124634686145
5FYG_Wtet7U_120000_130000,5FYG_Wtet7U_120000_130000_violin_3,0,The object making a sound by being played by the man in front of other men.,0.0174358974358974
9xp46AwF9BY_38000_48000,9xp46AwF9BY_38000_48000_violin_4,6,The object emitting the slowest tempo.,0.0174395366070936
FHSoSamzdAY_845000_855000,FHSoSamzdAY_845000_855000_violin_6,0,The sounding entity near the red cloth.,0.0176906316133791
872Lwp3MOro_6000_16000,872Lwp3MOro_6000_16000_hair-dryer_3,1,The object that keeps making sound at all times.,0.0179864367526065
ds3RKnNB-cY_8000_18000,ds3RKnNB-cY_8000_18000_hair-dryer_6,0,The object being held by the woman_producing sound.,0.0180904522613065
2Rs4M5zBQrc_10000_20000,2Rs4M5zBQrc_10000_20000_ukulele_5,1,The entity emitting the lowest sound.,0.018191731921036
pf6ZpxTFL1Y_51000_61000,pf6ZpxTFL1Y_51000_61000_girl_6,0,Played and sung by the girl_the instrument resounded.,0.0184613196761048
oRSCL3149fI_146000_156000,oRSCL3149fI_146000_156000_piano_5,0,The piano situated to the right of the seated woman.,0.0191534249436
4GUrjmIZcIQ_82000_92000,4GUrjmIZcIQ_82000_92000_piano_4,2,The entity manipulated by the woman.,0.0197967692074685
4DCxlVTWN8g_3000_13000,4DCxlVTWN8g_3000_13000_pipa_6,0,The sounding entity to the left of the guzheng.,0.0198458163683994
vOj00VJiBuk_80000_90000,vOj00VJiBuk_80000_90000_girl_5,0,The girl in white_strumming the guitar.,0.0205239153734921
DQ1ipAzV9Gk_380000_390000,DQ1ipAzV9Gk_380000_390000_boy_2,0,The object that making a sound after the woman.,0.0206412610119111
f0jKjIOFzAY_225000_235000,f0jKjIOFzAY_225000_235000_saxophone_5,0,The object with the longest sound duration.,0.0217700402987355
iSBtK1T10Ew_415000_425000,iSBtK1T10Ew_415000_425000_flute_6,2,The item producing the most intense sound.,0.0220696134631727
tZbh1cwwfv0_222000_232000,tZbh1cwwfv0_222000_232000_piano_6,5,Generating lower tones than the girl's instrument_the object sounded.,0.0222360058006685
URUkK0bzULI_20000_30000,URUkK0bzULI_20000_30000_marimba_1,1,The sounding object.,0.0226820678242342
oaYIWYXFMqY_70000_80000,oaYIWYXFMqY_70000_80000_bass_2,0,The bass not being played,0.0227553642921907
mUN93MlvX64_42000_52000,mUN93MlvX64_42000_52000_piano_2,6,The object making a sound by being played by the woman on the right.,0.0228022121385848
7RHm25E9qro_4000_14000,7RHm25E9qro_4000_14000_guitar_1,1,The sounding object beneath the harmonica.,0.0228229554091971
4GUrjmIZcIQ_82000_92000,4GUrjmIZcIQ_82000_92000_piano_1,2,The object making a sound by being played by the woman.,0.0228349760689644
7RHm25E9qro_4000_14000,7RHm25E9qro_4000_14000_guitar_2,1,The sounding object under the harmonica.,0.0228470350989862
4YLjVRZHoZI_1750000_1760000,4YLjVRZHoZI_1750000_1760000_violin_6,9,The entity manipulated by the standing man.,0.023751457816084
4YLjVRZHoZI_1750000_1760000,4YLjVRZHoZI_1750000_1760000_violin_4,9,The entity manipulated by the man on the left.,0.0243029759937946
7RHm25E9qro_4000_14000,7RHm25E9qro_4000_14000_guitar_4,1,The sounding entity beneath the harmonica.,0.0244081885863437
Vhx4xBA0XxA_1000_11000,Vhx4xBA0XxA_1000_11000_ukulele_3,1,The first object to make a sound.,0.024473650752024
EQWvv8WbU04_22000_32000,EQWvv8WbU04_22000_32000_marimba_1,1,The object making a sound by being played by the man.,0.0248006515933661
f0jKjIOFzAY_243000_253000,f0jKjIOFzAY_243000_253000_saxophone_3,0,saxophone.,0.0253449998717903
MFn93Sqq23g_10000_20000,MFn93Sqq23g_10000_20000_guitar_1,2,The brown guitar.,0.0256342522824505
iSBtK1T10Ew_415000_425000,iSBtK1T10Ew_415000_425000_flute_4,2,The instrument being played by the person on the right_generating sound.,0.0265387516289558
2Rs4M5zBQrc_10000_20000,2Rs4M5zBQrc_10000_20000_ukulele_2,1,the object making the lowest sound.,0.0265421062021441
EQWvv8WbU04_22000_32000,EQWvv8WbU04_22000_32000_marimba_3,1,The sounding object in front of the man.,0.0270140835737103
4k63MOSjOBw_21000_31000,4k63MOSjOBw_21000_31000_piano_4,2,The initial sound-producing entity.,0.0273794478986211
iSBtK1T10Ew_415000_425000,iSBtK1T10Ew_415000_425000_flute_2,2,The sounding object in front of the woman in white.,0.0274943261860589
oYeir4FWq_8_6000_16000,oYeir4FWq_8_6000_16000_ukulele_6,1,The boy played the instrument_creating sound.,0.0279667533557698
J_r9nOIoozw_133000_143000,J_r9nOIoozw_133000_143000_man_2,0,The man on the left of the woman.,0.0279933119433013
iSBtK1T10Ew_415000_425000,iSBtK1T10Ew_415000_425000_flute_1,2,The object making a sound by being played by the person on the right.,0.0284521717611785
7RHm25E9qro_4000_14000,7RHm25E9qro_4000_14000_guitar_5,1,The sounding entity beneath the harmonica.,0.0289794537845385
sfv_msSOYTo_10000_20000,sfv_msSOYTo_10000_20000_harp_1,0,The object making a sound by being played by the woman.,0.0292114075216358
OMYuLiqSUxE_30000_40000,OMYuLiqSUxE_30000_40000_clarinet_5,0,The perpetually sounding object.,0.0292675160259331
QHcG-FDM75Q_113000_123000,QHcG-FDM75Q_113000_123000_cello_1,1,The object making the shortest sound duration.,0.0294406123107226
mqB05HNR03g_630000_640000,mqB05HNR03g_630000_640000_table_5,0,The object near the singing women.,0.0300554186798062
4YLjVRZHoZI_1750000_1760000,4YLjVRZHoZI_1750000_1760000_violin_1,9,The object making a sound by being played by the man on the left.,0.0314008890835987
S_NJKy7Aoto_213000_223000,S_NJKy7Aoto_213000_223000_sitar_3,0,The object making the loudest sound.,0.031774064546122
5FYG_Wtet7U_120000_130000,5FYG_Wtet7U_120000_130000_violin_6,0,The object being played by the man in front of other men.,0.032297837188806
JStvWj9GKhQ_14000_24000,JStvWj9GKhQ_14000_24000_cello_6,0,The sounding entity to the right of the violin.,0.0323134623708534
AxjZti5_t94_90000_100000,AxjZti5_t94_90000_100000_guzheng_2,2,The sounding object on the right of the pipa.,0.032982918360677
5FYG_Wtet7U_120000_130000,5FYG_Wtet7U_120000_130000_violin_1,0,The object making a sound by being played by the man at the corner.,0.0347034628678784
wrdAEmNvEj4_831000_841000,wrdAEmNvEj4_831000_841000_cat_2,0,The cat standing,0.0350853504523958
URUkK0bzULI_20000_30000,URUkK0bzULI_20000_30000_marimba_2,1,The object that keeps making sound at all times.,0.0353792719852385
URUkK0bzULI_20000_30000,URUkK0bzULI_20000_30000_marimba_5,1,The object that produces sound continuously.,0.0360361962934609
4YLjVRZHoZI_1750000_1760000,4YLjVRZHoZI_1750000_1760000_violin_3,9,The object making a sound by being played by the man standing.,0.036046266729336
0BsmPd44Bic_60000_70000,0BsmPd44Bic_60000_70000_guitar_1,0,The first object to make a sound.,0.0364584567419685
5FYG_Wtet7U_120000_130000,5FYG_Wtet7U_120000_130000_violin_4,0,The object being played by the man at the corner.,0.0366231884057971
qYtrnr4chfU_2000_12000,qYtrnr4chfU_2000_12000_marimba_4,0,A sounding object emitted sound continuously.,0.0369832859057178
W5yveLPTD04_211000_221000,W5yveLPTD04_211000_221000_saxophone_3,0,The object held by the man with short hair.,0.0374475191811333
DB_SkDdL_cA_180000_190000,DB_SkDdL_cA_180000_190000_man_5,0,The object emitting sound through instrument patting.,0.0380298052401574
URUkK0bzULI_20000_30000,URUkK0bzULI_20000_30000_marimba_6,1,The object producing sound through being struck with sticks.,0.0381888298939752
G4ub_r9kYX0_26000_36000,G4ub_r9kYX0_26000_36000_ukulele_3,1,The last object to make a sound.,0.0385844528420927
FHSoSamzdAY_845000_855000,FHSoSamzdAY_845000_855000_violin_3,0,The sounding object near the red cloth.,0.0389697244518659
sMsrz5VqchQ_130000_140000,sMsrz5VqchQ_130000_140000_piano_3,0,The sounding object near the woman.,0.0390765982077509
zM7QopQ3MgI_410000_420000,zM7QopQ3MgI_410000_420000_tabla_3,1,The sounding object on the left of the sitar.,0.0392159105250395
zM7QopQ3MgI_410000_420000,zM7QopQ3MgI_410000_420000_tabla_2,1,The sounding object on the left of the sitar.,0.0392159105250395
0BsmPd44Bic_60000_70000,0BsmPd44Bic_60000_70000_guitar_4,0,The initial sound-producing object.,0.0392408467463848
VkcYchOGibc_20000_30000,VkcYchOGibc_20000_30000_guitar_1,0,The first object to make a sound.,0.0399083429611914
ZU0JSxWk1Po_16000_26000,ZU0JSxWk1Po_16000_26000_guzheng_5,1,The sounding object to the right of the pipa.,0.0399714214207939
URUkK0bzULI_20000_30000,URUkK0bzULI_20000_30000_marimba_3,1,The object making a sound by being beaten with sticks.,0.0404637349715314
W5yveLPTD04_211000_221000,W5yveLPTD04_211000_221000_saxophone_4,0,The object being played by the man with short hair.,0.0404952173508563
9xp46AwF9BY_38000_48000,9xp46AwF9BY_38000_48000_violin_5,2,The object emitting the most intense sound.,0.0409748495057732
sjIEiu_ovKc_470000_480000,sjIEiu_ovKc_470000_480000_woman_4,1,The initial sounding object.,0.0411928108725203
sV1o5VmL-9g_824000_834000,sV1o5VmL-9g_824000_834000_dog_1,3,The object making the lowest sound.,0.0412702805737387
dUcOkRkz6bA_387000_397000,dUcOkRkz6bA_387000_397000_man_2,5,The object making a sound by playing drum.,0.042003055806347
JStvWj9GKhQ_14000_24000,JStvWj9GKhQ_14000_24000_violin_1,1,The object making the loudest sound.,0.0420702277877678
sMsrz5VqchQ_130000_140000,sMsrz5VqchQ_130000_140000_piano_4,0,Played by the woman_the sounding object sounded.,0.0427329028924299
sV1o5VmL-9g_824000_834000,sV1o5VmL-9g_824000_834000_dog_3,3,The dog appearing through the entire video.,0.0430413169241889
Pg2qk3mNSoc_66000_76000,Pg2qk3mNSoc_66000_76000_handpan_6,2,The sounding entity on the legs of the seated man.,0.0432641468908357
cmNI6jiMKik_46000_56000,cmNI6jiMKik_46000_56000_piano_5,2,The volume of the object decreases gradually.,0.043443649549055
S_NJKy7Aoto_266000_276000,S_NJKy7Aoto_266000_276000_tabla_1,1,The object making the fastest rhythm.,0.0434572654654675
qYtrnr4chfU_2000_12000,qYtrnr4chfU_2000_12000_marimba_5,0,Played by the men_the instrument resounded.,0.0436760654214128
W5yveLPTD04_211000_221000,W5yveLPTD04_211000_221000_saxophone_1,0,The object making a sound by being played by the man with short hair.,0.043876813996901
sV1o5VmL-9g_824000_834000,sV1o5VmL-9g_824000_834000_dog_6,3,The dog remained visible throughout the video.,0.044178457943085
qYtrnr4chfU_2000_12000,qYtrnr4chfU_2000_12000_marimba_6,0,The instrument with perpetual sound production.,0.0444612674380588
6WUjWMuoEhM_10000_20000,6WUjWMuoEhM_10000_20000_couch_4,1,The object occupied by two men.,0.0446250791362531
4HXvK9zcoyk_115000_125000,4HXvK9zcoyk_115000_125000_guitar_2,1,The sounding object on the left of the woman.,0.0450405031389702
Ow9uE_v2AEg_28000_38000,Ow9uE_v2AEg_28000_38000_piano_4,3,The sounding entity to the right of the woman.,0.0455447243426984
qYtrnr4chfU_2000_12000,qYtrnr4chfU_2000_12000_marimba_2,0,The object making a sound by being played by the men.,0.0456459215393023
sV1o5VmL-9g_824000_834000,sV1o5VmL-9g_824000_834000_dog_5,3,Sounding after the man_the object sounded.,0.0457962898252826
cmNI6jiMKik_46000_56000,cmNI6jiMKik_46000_56000_piano_4,2,The instrument being played by the woman_emitting sound.,0.0469266387641152
f0jKjIOFzAY_225000_235000,f0jKjIOFzAY_225000_235000_saxophone_6,0,The instrument being played by the man_producing sound.,0.0472456144855381
aRSfqLxMISU_499000_509000,aRSfqLxMISU_499000_509000_violin_1,0,The sounding object on the left of the cello.,0.0479799490245955
Pg2qk3mNSoc_66000_76000,Pg2qk3mNSoc_66000_76000_handpan_3,2,The sounding object on the legs of the sitting man.,0.0481652655809863
bOk44oZePqw_290000_300000,bOk44oZePqw_290000_300000_hair-dryer_4,1,The object with the longest duration of sound.,0.048626500997926
uq1V5H4q8mo_198000_208000,uq1V5H4q8mo_198000_208000_ukulele_5,1,The initial sounding object.,0.0492506839524023
JStvWj9GKhQ_14000_24000,JStvWj9GKhQ_14000_24000_cello_1,0,The object making the lowest sound.,0.0496176733139918
MFn93Sqq23g_10000_20000,MFn93Sqq23g_10000_20000_man_6,0,The man strumming the ukulele.,0.0498662818895224
4DCxlVTWN8g_3000_13000,4DCxlVTWN8g_3000_13000_pipa_4,0,The entity manipulated by a seated woman.,0.0509907914287789
uq1V5H4q8mo_198000_208000,uq1V5H4q8mo_198000_208000_ukulele_2,1,The first object to make a sound.,0.0509978031091851
bELyeHxF7eA_42000_52000,bELyeHxF7eA_42000_52000_violin_1,1,The object making a sound by being played by the man seated on the right.,0.0522422260006697
4DCxlVTWN8g_3000_13000,4DCxlVTWN8g_3000_13000_pipa_5,0,The entity manipulated by the woman in black.,0.0522572782580208
f0jKjIOFzAY_243000_253000,f0jKjIOFzAY_243000_253000_cello_3,1,cello.,0.0525966925255063
tZbh1cwwfv0_222000_232000,tZbh1cwwfv0_222000_232000_woman_1,0,The object making a sound by playing the piano.,0.0527125681223851
oaYIWYXFMqY_70000_80000,oaYIWYXFMqY_70000_80000_bass_5,0,The bass guitar remained untouched.,0.0529207259234057
kF2y7RIC7-Y_258000_268000,kF2y7RIC7-Y_258000_268000_ukulele_1,1,The first object to make a sound.,0.0532295328131233
bELyeHxF7eA_42000_52000,bELyeHxF7eA_42000_52000_violin_5,1,The item emitting sound located near the man seated on the right.,0.0536382848581257
MDyjY3uiWp0_273000_283000,MDyjY3uiWp0_273000_283000_car_4,2,The entity holding a log.,0.053743372637137
U1dZX1ReD88_48000_58000,U1dZX1ReD88_48000_58000_cello_2,0,The object making shorter sound duration than the saxophone.,0.053961804237856
qYtrnr4chfU_2000_12000,qYtrnr4chfU_2000_12000_marimba_1,0,The sounding object.,0.054989886486656
Pg2qk3mNSoc_66000_76000,Pg2qk3mNSoc_66000_76000_handpan_5,2,The entity producing sound through being played by the seated man.,0.0550224673884419
Pg2qk3mNSoc_66000_76000,Pg2qk3mNSoc_66000_76000_handpan_4,2,The entity producing sound through being played by the man seated by the window.,0.0551224788117709
bELyeHxF7eA_42000_52000,bELyeHxF7eA_42000_52000_violin_2,1,The sounding object near the man seated on the right.,0.0555616670099967
MDyjY3uiWp0_297000_307000,MDyjY3uiWp0_297000_307000_saw_4,4,The muted saw.,0.0555661683665019
MDyjY3uiWp0_297000_307000,MDyjY3uiWp0_297000_307000_saw_4,0,The entity emitting the most intense sound.,0.0555661683665019
bELyeHxF7eA_42000_52000,bELyeHxF7eA_42000_52000_violin_4,1,The object being played by the man seated on the right_producing sound.,0.0560580201607083
tMorLZku6Pc_194000_204000,tMorLZku6Pc_194000_204000_tabla_2,1,The object making a sound by being played by the man with long hair.,0.0560996533678339
JlMeXmoMEEM_35000_45000,JlMeXmoMEEM_35000_45000_flute_4,2,The entity producing the most intense sound.,0.0561546596937814
GG-PF_JxeW4_1640000_1650000,GG-PF_JxeW4_1640000_1650000_woman_3,0,The object near the man who playing the piano and singing.,0.0563908922854376
ZPYqUww_x6k_293000_303000,ZPYqUww_x6k_293000_303000_saxophone_4,0,The object being played by the man in white.,0.0567065433094891
ZPYqUww_x6k_293000_303000,ZPYqUww_x6k_293000_303000_saxophone_5,0,The object being played by the man on the right.,0.0567859795923421
qYtrnr4chfU_2000_12000,qYtrnr4chfU_2000_12000_marimba_3,0,The object that keeps making sound at all times.,0.0567884115827784
z3Q_mZgKLrM_20000_30000,z3Q_mZgKLrM_20000_30000_cello_5,0,Adjacent to the piano_the sounding object stood.,0.0570218673939904
Pg2qk3mNSoc_66000_76000,Pg2qk3mNSoc_66000_76000_handpan_2,2,The object making a sound by being played by the man seated.,0.0570322415669125
topmJqYT-Ts_1000_11000,topmJqYT-Ts_1000_11000_cello_3,1,The object making the longest sound duration.,0.0581006475909645
oRSCL3149fI_146000_156000,oRSCL3149fI_146000_156000_piano_2,0,The piano on the right of the sitting woman.,0.0582495005700322
z3Q_mZgKLrM_20000_30000,z3Q_mZgKLrM_20000_30000_cello_6,0,Controlled by the man in red shoes_the object sounded.,0.0584402509966073
ZPYqUww_x6k_293000_303000,ZPYqUww_x6k_293000_303000_saxophone_1,0,The object making a sound by being played by the man in white.,0.0587359310063691
ZPYqUww_x6k_293000_303000,ZPYqUww_x6k_293000_303000_saxophone_2,0,The object making a sound by being played by the man on the right.,0.0587434728222279
Pg2qk3mNSoc_66000_76000,Pg2qk3mNSoc_66000_76000_handpan_1,2,The object making sound by being played by the man sitting by the window.,0.0597989677723104
rozFJYWrLj0_120000_130000,rozFJYWrLj0_120000_130000_guitar_2,2,The sounding object near the man on the left,0.0600173772224673
Ptm0GYEf4AI_40000_50000,Ptm0GYEf4AI_40000_50000_saw_2,1,The first object to make a sound.,0.0619202021659501
EuU2PWB1t2g_20000_30000,EuU2PWB1t2g_20000_30000_cello_2,1,The object making louder sound than the piano.,0.0624276354595553
p2u4OJKqMxE_130000_140000,p2u4OJKqMxE_130000_140000_saxophone_5,0,Played by the man on the right_the instrument reverberated.,0.0626627146249403
Vhx4xBA0XxA_1000_11000,Vhx4xBA0XxA_1000_11000_ukulele_6,1,The initial sound-producing object.,0.0627992315088695
zM7QopQ3MgI_499000_509000,zM7QopQ3MgI_499000_509000_tabla_6,1,To the left of the sitar_the sounding object stood.,0.063187199899522
EuU2PWB1t2g_20000_30000,EuU2PWB1t2g_20000_30000_cello_3,1,The object making longer sound duration than the piano.,0.0655250597687382
rozFJYWrLj0_120000_130000,rozFJYWrLj0_120000_130000_man_2,0,The man on the left of the woman.,0.0657978446524122
J_r9nOIoozw_133000_143000,J_r9nOIoozw_133000_143000_man_1,0,The man holding a guitar.,0.065960267003802
OMYuLiqSUxE_30000_40000,OMYuLiqSUxE_30000_40000_clarinet_3,0,The object making a sound by being played by the standing man.,0.0665432386508617
p2u4OJKqMxE_130000_140000,p2u4OJKqMxE_130000_140000_saxophone_2,0,The object making a sound by being played by the man on the right.,0.0666156851815309
Ptm0GYEf4AI_40000_50000,Ptm0GYEf4AI_40000_50000_saw_3,1,The object making the continuous sound.,0.0671544667735798
zM7QopQ3MgI_499000_509000,zM7QopQ3MgI_499000_509000_tabla_5,1,The object with the fastest tempo.,0.0677202566968643
ZU0JSxWk1Po_16000_26000,ZU0JSxWk1Po_16000_26000_pipa_4,0,The object being played by the woman on the left.,0.0685177779760332
aRSfqLxMISU_499000_509000,aRSfqLxMISU_499000_509000_cello_3,1,The sounding object on the right of the violin.,0.0691736389237132
zM7QopQ3MgI_499000_509000,zM7QopQ3MgI_499000_509000_tabla_4,1,Controlled by the man on the left_the object sounded.,0.0692031107718537
OMYuLiqSUxE_30000_40000,OMYuLiqSUxE_30000_40000_clarinet_6,0,The entity producing sound through being played by the standing man.,0.0693185626777077
aRSfqLxMISU_499000_509000,aRSfqLxMISU_499000_509000_violin_4,0,The sounding object to the left of the cello.,0.0701034359871539
V9KZ5FCtG9A_15000_25000,V9KZ5FCtG9A_15000_25000_bass_6,2,The object being played by the man wearing a white coat.,0.0702874247829204
4bg9UqOSeBo_90000_100000,4bg9UqOSeBo_90000_100000_dog_3,0,The dog sitting on the blue carpet.,0.0703566241463882
OMYuLiqSUxE_30000_40000,OMYuLiqSUxE_30000_40000_clarinet_2,0,The object that keeps making sound at all times.,0.0716423754412056
OMYuLiqSUxE_30000_40000,OMYuLiqSUxE_30000_40000_clarinet_1,0,The clarinet being played by a man.,0.0719483394278141
U1pyRmKgnrM_142000_152000,U1pyRmKgnrM_142000_152000_razor_6,1,The object with the longest sound duration.,0.0721479070282982
VbEvfbj_IxU_117000_127000,VbEvfbj_IxU_117000_127000_violin_1,1,The object making slower rhythm than the handpan.,0.0721785852808662
4bg9UqOSeBo_90000_100000,4bg9UqOSeBo_90000_100000_dog_1,0,The dog playing with a woman.,0.0726884098384746
7PGfd8pg86w_15000_25000,7PGfd8pg86w_15000_25000_ukulele_1,1,The first object to make a sound.,0.07368642117742
aRSfqLxMISU_499000_509000,aRSfqLxMISU_499000_509000_violin_5,0,The object being played by the standing player.,0.0741812572314228
zM7QopQ3MgI_319000_329000,zM7QopQ3MgI_319000_329000_tabla_4,1,Controlled by the person on the left_the object sounded.,0.0743769448070435
aRSfqLxMISU_499000_509000,aRSfqLxMISU_499000_509000_violin_6,0,The object being played by the man on the left.,0.0744293745714866
VbEvfbj_IxU_117000_127000,VbEvfbj_IxU_117000_127000_violin_4,1,The object producing a slower rhythm than the handpan.,0.074719232943966
VbEvfbj_IxU_117000_127000,VbEvfbj_IxU_117000_127000_violin_5,1,The object producing the slowest rhythm.,0.0747802701049348
zM7QopQ3MgI_319000_329000,zM7QopQ3MgI_319000_329000_tabla_5,1,Controlled by the man on the left_the object sounded.,0.0748453524077804
MDyjY3uiWp0_297000_307000,MDyjY3uiWp0_297000_307000_saw_2,0,The sounding object.,0.0751663904238557
topmJqYT-Ts_1000_11000,topmJqYT-Ts_1000_11000_cello_6,1,The object with the longest sustained sound.,0.0752645294695682
MDyjY3uiWp0_297000_307000,MDyjY3uiWp0_297000_307000_saw_3,0,The object making a sound by being held by the man.,0.0754310337429885
VbEvfbj_IxU_117000_127000,VbEvfbj_IxU_117000_127000_violin_3,1,The object making a sound by being played by the man on the right.,0.0754833347291474
MDyjY3uiWp0_297000_307000,MDyjY3uiWp0_297000_307000_saw_6,0,The object emitting sound while held by the man.,0.0755010058515748
CjQmcO_Q5d8_42000_52000,CjQmcO_Q5d8_42000_52000_piano_6,4,The sounding entity situated behind the man.,0.0755946026789578
VbEvfbj_IxU_117000_127000,VbEvfbj_IxU_117000_127000_violin_6,1,The object being played by the man on the right.,0.0757365816870264
MDyjY3uiWp0_354000_364000,MDyjY3uiWp0_354000_364000_saw_3,1,The saw in hands of the man.,0.0758212204408494
MDyjY3uiWp0_354000_364000,MDyjY3uiWp0_354000_364000_saw_1,1,The object held by the man.,0.0763725031540571
puugfzdXYz4_30000_40000,puugfzdXYz4_30000_40000_bass_3,0,the bass on the right.,0.0764472612178169
MDyjY3uiWp0_354000_364000,MDyjY3uiWp0_354000_364000_saw_6,1,The saw in the hands of the man.,0.0765477105328659
4ZPJ867OBo4_75000_85000,4ZPJ867OBo4_75000_85000_piano_2,2,The sounding object behind the standing woman.,0.0781524002885849
ETmo71vP7tA_20000_30000,ETmo71vP7tA_20000_30000_piano_6,0,The sounding entity situated behind the clarinet.,0.0785113108995988
VbEvfbj_IxU_117000_127000,VbEvfbj_IxU_117000_127000_violin_2,1,The object making the slowest rhythm.,0.0794351799363493
7PGfd8pg86w_15000_25000,7PGfd8pg86w_15000_25000_ukulele_4,1,The initial sound-producing entity.,0.0803794745771106
kF2y7RIC7-Y_258000_268000,kF2y7RIC7-Y_258000_268000_ukulele_4,1,The initial sound-emitting object.,0.0806731182788495
z3Q_mZgKLrM_20000_30000,z3Q_mZgKLrM_20000_30000_cello_4,0,Controlled by the man near the piano_the object sounded.,0.08067807462226
89wbeFGWzkY_415000_425000,89wbeFGWzkY_415000_425000_man_5,1,The object emitting sound through vocalization and accordion play.,0.0807415848593281
MDyjY3uiWp0_354000_364000,MDyjY3uiWp0_354000_364000_saw_4,1,The entity grasped by the man.,0.0808770547537072
GG-PF_JxeW4_1640000_1650000,GG-PF_JxeW4_1640000_1650000_piano_2,1,piano.,0.0810848431217191
Ptm0GYEf4AI_40000_50000,Ptm0GYEf4AI_40000_50000_saw_6,1,The continuously sounding object.,0.0816486863479595
MDyjY3uiWp0_297000_307000,MDyjY3uiWp0_297000_307000_saw_5,0,The source of the sound.,0.081688118328044
Ptm0GYEf4AI_40000_50000,Ptm0GYEf4AI_40000_50000_man_2,0,The object that making a sound after the saw.,0.0827813215229146
MDyjY3uiWp0_273000_283000,MDyjY3uiWp0_273000_283000_saw_6,0,The source of the sound.,0.0829826332738418
MDyjY3uiWp0_273000_283000,MDyjY3uiWp0_273000_283000_saw_4,0,The source of the sound.,0.0829826332738418
MDyjY3uiWp0_273000_283000,MDyjY3uiWp0_273000_283000_saw_5,0,The entity emitting the most intense sound.,0.0833284125664986
oaYIWYXFMqY_70000_80000,oaYIWYXFMqY_70000_80000_bass_6,0,A brown-hued bass guitar.,0.0839217672978453
JXlgmoBDgj0_171000_181000,JXlgmoBDgj0_171000_181000_handpan_6,0,The sounding entity on the leg of the man.,0.0843443736395672
AxjZti5_t94_42000_52000,AxjZti5_t94_42000_52000_guzheng_2,3,The sounding object on the right of the pipa.,0.0847524862682262
sV1o5VmL-9g_824000_834000,sV1o5VmL-9g_824000_834000_man_5,0,Close to the dog_the sounding object stood.,0.0851707298794157
S_NJKy7Aoto_213000_223000,S_NJKy7Aoto_213000_223000_tabla_5,1,The sounding object to the left of the sounding sitar.,0.0852937629171943
MDyjY3uiWp0_273000_283000,MDyjY3uiWp0_273000_283000_saw_1,0,The sounding object.,0.0854079421205796
MDyjY3uiWp0_273000_283000,MDyjY3uiWp0_273000_283000_saw_3,0,The sounding object.,0.0854079421205796
kF2y7RIC7-Y_258000_268000,kF2y7RIC7-Y_258000_268000_ukulele_3,1,The object making the longest sound duration.,0.0858054207583926
4HXvK9zcoyk_115000_125000,4HXvK9zcoyk_115000_125000_woman_4,0,The entity vocalizing a song.,0.0866858290249028
zM7QopQ3MgI_410000_420000,zM7QopQ3MgI_410000_420000_tabla_4,1,Controlled by the man on the left_the object sounded.,0.0875505403516242
50Z4O0mzAXg_150000_160000,50Z4O0mzAXg_150000_160000_guitar_4,2,The object being played by the man on the right.,0.0887959964856965
MDyjY3uiWp0_273000_283000,MDyjY3uiWp0_273000_283000_saw_2,0,The object making the loudest sound.,0.0906853078063509
rozFJYWrLj0_120000_130000,rozFJYWrLj0_120000_130000_guitar_4,2,Controlled by the man on the left_the instrument resounded.,0.091130252630135
tZbh1cwwfv0_222000_232000,tZbh1cwwfv0_222000_232000_piano_3,5,The object making lower sound than the instrument played by the girl.,0.0918465394127547
NDq6ZtDNvVY_200000_210000,NDq6ZtDNvVY_200000_210000_couch_1,0,The object behind the sounding handpan.,0.0921496951649662
Pe1LuVFTczE_106000_116000,Pe1LuVFTczE_106000_116000_guitar_1,0,guitar.,0.0926048014670352
#NAME?,#NAME?,1,The object making the shortest sound duration.,0.0927213023520884
qdjouHZ-HbE_220000_230000,qdjouHZ-HbE_220000_230000_razor_1,0,The sounding object.,0.092918023499714
2QAev97bk0c_75000_85000,2QAev97bk0c_75000_85000_ukulele_3,3,The object making the lowest sound.,0.0934672989928781
qdjouHZ-HbE_220000_230000,qdjouHZ-HbE_220000_230000_razor_4,0,A sounding object emitted sound continuously.,0.0941467055944559
aRSfqLxMISU_499000_509000,aRSfqLxMISU_499000_509000_violin_3,0,The object making a sound by being played by the man on the left.,0.0944017871723618
2QAev97bk0c_75000_85000,2QAev97bk0c_75000_85000_ukulele_1,3,The object making lower sound than the pipa.,0.0944360275864371
aRSfqLxMISU_499000_509000,aRSfqLxMISU_499000_509000_violin_2,0,The object making a sound by being played by the player standing.,0.0946090465293069
cIbVu0ixSAo_302000_312000,cIbVu0ixSAo_302000_312000_violin_4,0,The instrument being played by the woman_emitting sound.,0.0948674282441918
MDyjY3uiWp0_297000_307000,MDyjY3uiWp0_297000_307000_saw_1,0,The object making the loudest sound.,0.09530911708068
zM7QopQ3MgI_499000_509000,zM7QopQ3MgI_499000_509000_sitar_2,0,The object making the slowest rhythm.,0.0955681789848731
cIbVu0ixSAo_302000_312000,cIbVu0ixSAo_302000_312000_violin_3,0,The violin held by the woman.,0.095572786539942
4DCxlVTWN8g_3000_13000,4DCxlVTWN8g_3000_13000_pipa_2,0,The object making a sound by being played by the woman in black.,0.0956053782204782
2QAev97bk0c_75000_85000,2QAev97bk0c_75000_85000_ukulele_4,3,The entity producing a lower sound than the pipa.,0.0957407565662259
cIbVu0ixSAo_302000_312000,cIbVu0ixSAo_302000_312000_violin_5,0,The instrument being played by the individual on the left_producing sound.,0.0959060232040386
2QAev97bk0c_75000_85000,2QAev97bk0c_75000_85000_ukulele_6,3,The entity emitting the deepest sound.,0.0965273052375659
kF2y7RIC7-Y_258000_268000,kF2y7RIC7-Y_258000_268000_ukulele_6,1,The item with the longest sound duration.,0.0966702891292938
cIbVu0ixSAo_302000_312000,cIbVu0ixSAo_302000_312000_violin_1,0,The object making a sound by being played by the woman.,0.0967953900599921
cIbVu0ixSAo_302000_312000,cIbVu0ixSAo_302000_312000_violin_2,0,the object making a sound by being played by the person on the left.,0.0968566150884289
EKM1wu2vXy4_26000_36000,EKM1wu2vXy4_26000_36000_ukulele_5,1,The perpetual noise-emitting object.,0.0980739833695074
50Z4O0mzAXg_150000_160000,50Z4O0mzAXg_150000_160000_guitar_1,2,The object making a sound by being played by the man on the right.,0.0981027305800659
eK12jfQSnRQ_90000_100000,eK12jfQSnRQ_90000_100000_saxophone_3,0,The sounding object on the right of the cello.,0.0996384084942742
fTobKZBbMos_2000_12000,fTobKZBbMos_2000_12000_ukulele_4,1,The object being played by the boy_emitting sound.,0.0997575663565532
JlMeXmoMEEM_35000_45000,JlMeXmoMEEM_35000_45000_flute_6,2,The sounding entity to the right of the ukulele.,0.1007496110857772
dVa49WwXzr8_1023000_1033000,dVa49WwXzr8_1023000_1033000_marimba_2,1,The sounding object near the man standing.,0.1010209218227082
EKM1wu2vXy4_26000_36000,EKM1wu2vXy4_26000_36000_ukulele_4,1,The object with the longest duration of sound.,0.1013354985165308
BSkcM4ScyEs_150000_160000,BSkcM4ScyEs_150000_160000_handpan_6,2,The object emitting the most intense sound.,0.1014626083463396
fTobKZBbMos_2000_12000,fTobKZBbMos_2000_12000_ukulele_2,1,the object making the lowest sound.,0.1018342944427485
#NAME?,#NAME?,0,The object behind the sounding women. ,0.1022754348945791
-3ABOVeVmpU_136000_146000,-3ABOVeVmpU_136000_146000_woman_2,0,The sounding object on the left of the piano.,0.1029249345776186
JlMeXmoMEEM_35000_45000,JlMeXmoMEEM_35000_45000_flute_5,2,The object being played by a woman.,0.1033395642253258
ZU0JSxWk1Po_16000_26000,ZU0JSxWk1Po_16000_26000_pipa_3,0,The pipa held by the woman on the left.,0.1034273216954515
BSkcM4ScyEs_150000_160000,BSkcM4ScyEs_150000_160000_handpan_3,2,The object making the loudest sound.,0.1035313068085794
JlMeXmoMEEM_35000_45000,JlMeXmoMEEM_35000_45000_flute_3,2,The sounding object on the right of the ukulele.,0.1041726594235437
fTobKZBbMos_2000_12000,fTobKZBbMos_2000_12000_ukulele_5,1,The object with the deepest tone.,0.1044002844414634
ZU0JSxWk1Po_16000_26000,ZU0JSxWk1Po_16000_26000_pipa_2,0,The object held by the woman on the left.,0.1061159880008621
4DCxlVTWN8g_3000_13000,4DCxlVTWN8g_3000_13000_pipa_1,0,The object making a sound by being played by a sitting woman.,0.1067748292868376
ZU0JSxWk1Po_16000_26000,ZU0JSxWk1Po_16000_26000_pipa_1,0,The object making a sound by being played by the woman on the left.,0.1070439114570733
ZPYqUww_x6k_293000_303000,ZPYqUww_x6k_293000_303000_saxophone_6,0,The object producing the loudest sound.,0.1087856806286693
JlMeXmoMEEM_35000_45000,JlMeXmoMEEM_35000_45000_flute_2,2,The object making a sound by being played by a woman.,0.1089824580045288
79w-8fTYazw_15000_25000,79w-8fTYazw_15000_25000_ukulele_5,1,The initial sound-producing entity.,0.1094889405803539
EuU2PWB1t2g_20000_30000,EuU2PWB1t2g_20000_30000_cello_5,1,The object emitting a louder sound than the piano.,0.1097364014768634
EXjmfFyOAqA_30000_40000,EXjmfFyOAqA_30000_40000_flute_6,2,The tempo of the object gradually decreases over time.,0.1104375076100528
zM7QopQ3MgI_410000_420000,zM7QopQ3MgI_410000_420000_tabla_6,1,To the left of the sitar_the sounding object stood.,0.1113960547095695
zM7QopQ3MgI_410000_420000,zM7QopQ3MgI_410000_420000_tabla_5,1,To the left of the sitar_the sounding object stood.,0.1113960547095695
bOk44oZePqw_290000_300000,bOk44oZePqw_290000_300000_hair-dryer_1,1,The object making the longest sound duration.,0.111723653301712
lcOP60uXMeI_20000_30000,lcOP60uXMeI_20000_30000_cello_3,1,The object rhythm is faster over the time.,0.1129039722877847
2QAev97bk0c_75000_85000,2QAev97bk0c_75000_85000_ukulele_5,3,The entity played by the man in white pants.,0.113670145903799
NDq6ZtDNvVY_200000_210000,NDq6ZtDNvVY_200000_210000_couch_5,0,The object adorned with a blue blanket.,0.1142357781917451
EuU2PWB1t2g_20000_30000,EuU2PWB1t2g_20000_30000_cello_6,1,The object with a longer duration of sound than the piano.,0.1144209459208559
79w-8fTYazw_15000_25000,79w-8fTYazw_15000_25000_ukulele_2,1,The first object to make a sound.,0.1145688104380068
Ow9uE_v2AEg_28000_38000,Ow9uE_v2AEg_28000_38000_piano_1,3,The sounding object on the right of the woman.,0.1154775342634402
NDq6ZtDNvVY_200000_210000,NDq6ZtDNvVY_200000_210000_couch_4,0,The entity positioned behind the sounding handpan.,0.1168122536197255
2Rs4M5zBQrc_10000_20000,2Rs4M5zBQrc_10000_20000_boy_6,0,The entity adorned with a vest.,0.1180482147981952
W5yveLPTD04_211000_221000,W5yveLPTD04_211000_221000_cello_6,1,The object producing a lower sound than the saxophone.,0.1184640999452972
f0jKjIOFzAY_225000_235000,f0jKjIOFzAY_225000_235000_saxophone_1,0,The sounding object in front of the man.,0.1192006016886183
z3Q_mZgKLrM_20000_30000,z3Q_mZgKLrM_20000_30000_cello_3,0,The object making a sound by being played by the man wearing a pair of red shoes.,0.1198485381483984
EXjmfFyOAqA_30000_40000,EXjmfFyOAqA_30000_40000_flute_3,2,The object rhythm is slower over the time.,0.1200558073542064
z3Q_mZgKLrM_20000_30000,z3Q_mZgKLrM_20000_30000_cello_1,0,The object making a sound by being played by the man near the piano.,0.1206429323920413
f0jKjIOFzAY_225000_235000,f0jKjIOFzAY_225000_235000_saxophone_4,0,The sounding item in front of the man.,0.121246143539802
AxjZti5_t94_42000_52000,AxjZti5_t94_42000_52000_guzheng_3,3,The object making the lowest sound.,0.1213751550883364
OFgcrlxku9g_160000_170000,OFgcrlxku9g_160000_170000_cello_3,2,The sounding object near the woman.,0.1214450934716565
q3YnhPgt-rM_118000_128000,q3YnhPgt-rM_118000_128000_cello_6,1,Controlled by the man on the right_the instrument resounded.,0.12210687720397
sMsrz5VqchQ_130000_140000,sMsrz5VqchQ_130000_140000_woman_1,1,The object making a sound by playing the piano.,0.1223371678795699
ZU0JSxWk1Po_2000_12000,ZU0JSxWk1Po_2000_12000_pipa_1,0,The object making a sound by being played by the woman on the left.,0.1225239876787572
89wbeFGWzkY_415000_425000,89wbeFGWzkY_415000_425000_man_4,1,The object emitting sound through vocalization.,0.1232158703725871
ZPYqUww_x6k_293000_303000,ZPYqUww_x6k_293000_303000_saxophone_3,0,The object making the loudest sound.,0.1238365920258688
V9KZ5FCtG9A_15000_25000,V9KZ5FCtG9A_15000_25000_bass_3,2,The object making a sound by being played by the man wearing a white coat.,0.1238992715873127
ZU0JSxWk1Po_2000_12000,ZU0JSxWk1Po_2000_12000_pipa_2,0,The sounding object in front of the piano.,0.1239499888126837
EXjmfFyOAqA_30000_40000,EXjmfFyOAqA_30000_40000_flute_1,2,flute.,0.1246565508902902
oaYIWYXFMqY_70000_80000,oaYIWYXFMqY_70000_80000_bass_3,0,The brown bass.,0.1249366332605069
ZU0JSxWk1Po_2000_12000,ZU0JSxWk1Po_2000_12000_pipa_6,0,The object being played by the woman wearing shorts.,0.1250902251421163
ZU0JSxWk1Po_2000_12000,ZU0JSxWk1Po_2000_12000_pipa_3,0,The object making a sound by being played by the woman wearing shorts.,0.1252325345286348
ZU0JSxWk1Po_2000_12000,ZU0JSxWk1Po_2000_12000_pipa_4,0,The object being played by the woman on the left.,0.1252348773330775
948s7w-mFs8_457000_467000,948s7w-mFs8_457000_467000_razor_1,0,The first object to make a sound.,0.1292813241298349
W5yveLPTD04_211000_221000,W5yveLPTD04_211000_221000_cello_3,1,The object making lower sound than the saxophone.,0.1296828781422166
CVA8LpBW3Sc_76000_86000,CVA8LpBW3Sc_76000_86000_cello_4,1,The inaugural sound-producing entity.,0.1309743353862685
BSkcM4ScyEs_150000_160000,BSkcM4ScyEs_150000_160000_handpan_1,2,The sounding object.,0.1315407600632759
948s7w-mFs8_457000_467000,948s7w-mFs8_457000_467000_razor_3,0,The object making the loudest sound.,0.132627747869877
ZU0JSxWk1Po_16000_26000,ZU0JSxWk1Po_16000_26000_guzheng_2,1,The sounding object on the right of the pipa.,0.1328168042417117
oyi5pKPwz9Q_3000_13000,oyi5pKPwz9Q_3000_13000_violin_2,1,The violin held by a standing boy.,0.1341229248375546
NDq6ZtDNvVY_200000_210000,NDq6ZtDNvVY_200000_210000_couch_2,0,The object with a blue blanket on it.,0.1347629507680624
5FYG_Wtet7U_120000_130000,5FYG_Wtet7U_120000_130000_handpan_3,2,The object making a sound by being played by the man in white.,0.1348615628256236
f0jKjIOFzAY_225000_235000,f0jKjIOFzAY_225000_235000_saxophone_3,0,The object making a sound by being played by the man.,0.1352704539839617
948s7w-mFs8_457000_467000,948s7w-mFs8_457000_467000_razor_2,0,The sounding object.,0.135292688199457
5FYG_Wtet7U_120000_130000,5FYG_Wtet7U_120000_130000_handpan_6,2,The object being played by the man in white.,0.1353869306198329
puugfzdXYz4_30000_40000,puugfzdXYz4_30000_40000_bass_6,0,The bass guitar occupied the right side.,0.1354837860337173
dVa49WwXzr8_1023000_1033000,dVa49WwXzr8_1023000_1033000_marimba_6,1,The object being struck with sticks_creating sound.,0.136610465903559
S_NJKy7Aoto_266000_276000,S_NJKy7Aoto_266000_276000_tabla_4,1,The object with the fastest rhythm.,0.1366480850734648
NDq6ZtDNvVY_200000_210000,NDq6ZtDNvVY_200000_210000_couch_3,0,The couch is behind the man.,0.1390883448088477
Pe1LuVFTczE_358000_368000,Pe1LuVFTczE_358000_368000_guitar_1,0,The object making slower rhythm than the pipa.,0.139233908402513
oYeir4FWq_8_6000_16000,oYeir4FWq_8_6000_16000_ukulele_2,1,The last object to make a sound.,0.1392838617573906
T9K1uy-G5qA_110000_120000,T9K1uy-G5qA_110000_120000_violin_4,0,The object being played by the woman.,0.1395246754644488
T9K1uy-G5qA_110000_120000,T9K1uy-G5qA_110000_120000_violin_6,0,The object being played by the standing person.,0.1395376643142311
JVjDa0NmfeE_173000_183000,JVjDa0NmfeE_173000_183000_cat_3,0,The sounding object on the right of the white and yellow cat in the beggining of the video.,0.1404726060455499
T9K1uy-G5qA_110000_120000,T9K1uy-G5qA_110000_120000_violin_2,0,The violin being played by the woman.,0.1406980374108187
p2u4OJKqMxE_130000_140000,p2u4OJKqMxE_130000_140000_cello_4,1,Controlled by the man at the center_the instrument resounded.,0.1409061146133294
oYeir4FWq_8_6000_16000,oYeir4FWq_8_6000_16000_ukulele_5,1,The final item to emit a sound.,0.1419689869719828
G4ub_r9kYX0_26000_36000,G4ub_r9kYX0_26000_36000_girl_4,0,The initial sound-producing entity.,0.1425953221588256
T9K1uy-G5qA_110000_120000,T9K1uy-G5qA_110000_120000_violin_3,0,The object making a sound by being played by the standing person.,0.143115641320471
T9K1uy-G5qA_110000_120000,T9K1uy-G5qA_110000_120000_violin_1,0,The object making a sound by being played by the woman.,0.1431269824935247
aZenX0O9A7A_91000_101000,aZenX0O9A7A_91000_101000_bass_4,2,The object being played by the man.,0.1436516091525586
AxjZti5_t94_90000_100000,AxjZti5_t94_90000_100000_pipa_1,0,The object making a sound by being played by the woman on the left.,0.1446910713083184
AxjZti5_t94_90000_100000,AxjZti5_t94_90000_100000_pipa_5,0,The sounding object to the left of the guzheng.,0.1456385505183674
AxjZti5_t94_90000_100000,AxjZti5_t94_90000_100000_pipa_4,0,The object being played by the woman on the left.,0.14568675831389
AxjZti5_t94_90000_100000,AxjZti5_t94_90000_100000_pipa_6,0,The item being held by the individual on the left.,0.1460951924465518
NDq6ZtDNvVY_200000_210000,NDq6ZtDNvVY_200000_210000_couch_6,0,The sofa positioned behind the man.,0.1466599116503823
AxjZti5_t94_90000_100000,AxjZti5_t94_90000_100000_pipa_3,0,The object being held by the person on the left.,0.1477846139394907
JStvWj9GKhQ_14000_24000,JStvWj9GKhQ_14000_24000_violin_4,1,The entity producing the most intense sound.,0.1479582263669448
AxjZti5_t94_90000_100000,AxjZti5_t94_90000_100000_pipa_2,0,The sounding object on the left of the guzheng.,0.1483984981827224
LdB5pW9c_N4_477000_487000,LdB5pW9c_N4_477000_487000_tabla_3,1,The object making a sound by being played by the right hand of the man wearing no cap.,0.1488021493570409
aZenX0O9A7A_91000_101000,aZenX0O9A7A_91000_101000_bass_1,2,The object making a sound by being played by the man.,0.1490741256882071
JStvWj9GKhQ_14000_24000,JStvWj9GKhQ_14000_24000_violin_3,1,The object making a sound by being played by the person on the left.,0.1491948170060975
JStvWj9GKhQ_14000_24000,JStvWj9GKhQ_14000_24000_violin_2,1,The object making a sound by being played by the woman.,0.1493658280425734
JgkUToh3HeY_49000_59000,JgkUToh3HeY_49000_59000_guzheng_1,3,The object making a sound by being played by the woman in red.,0.1521143296975968
LFs44HbaTr8_46000_56000,LFs44HbaTr8_46000_56000_guzheng_4,1,The entity producing the most intense sound.,0.1528183132949571
JVjDa0NmfeE_173000_183000,JVjDa0NmfeE_173000_183000_cat_6,0,The sounding object to the right of the white and yellow cat at the beginning of the video.,0.1539990768381567
JVjDa0NmfeE_173000_183000,JVjDa0NmfeE_173000_183000_cat_1,0,The black cat.,0.1550490873207039
U1dZX1ReD88_48000_58000,U1dZX1ReD88_48000_58000_cello_1,0,The sounding object on the right of the saxophone.,0.1553558908026534
zM7QopQ3MgI_499000_509000,zM7QopQ3MgI_499000_509000_tabla_1,1,The object making a sound by being played by the man on the left.,0.1561133366194467
U1dZX1ReD88_48000_58000,U1dZX1ReD88_48000_58000_cello_5,0,The object with a shorter sound duration than the saxophone.,0.1563655429792116
JgkUToh3HeY_49000_59000,JgkUToh3HeY_49000_59000_guzheng_4,3,The object being played by the woman in red.,0.1565037305975109
JStvWj9GKhQ_14000_24000,JStvWj9GKhQ_14000_24000_violin_5,1,The object being played by the woman.,0.1565079550336797
zM7QopQ3MgI_319000_329000,zM7QopQ3MgI_319000_329000_tabla_1,1,the object making a sound by being played by the person on the left.,0.1569118567232328
DOe5REXClL8_60000_70000,DOe5REXClL8_60000_70000_accordion_4,3,The sounding entity positioned in front of the piano.,0.1569713503260302
Pe1LuVFTczE_358000_368000,Pe1LuVFTczE_358000_368000_guitar_4,0,The entity producing a slower rhythm than the pipa.,0.1574567831164563
zM7QopQ3MgI_319000_329000,zM7QopQ3MgI_319000_329000_tabla_2,1,The object making a sound by being played by the man on the left.,0.1574763256888159
Ptm0GYEf4AI_40000_50000,Ptm0GYEf4AI_40000_50000_saw_5,1,The sound-producing entity at the begining.,0.1582660020463754
JStvWj9GKhQ_14000_24000,JStvWj9GKhQ_14000_24000_violin_6,1,The object being played by the individual on the left.,0.1594597296195218
LxIi6zy5zJ4_110000_120000,LxIi6zy5zJ4_110000_120000_car_3,1,The car appearing through the entire video.,0.1597526572754249
OFgcrlxku9g_160000_170000,OFgcrlxku9g_160000_170000_cello_1,2,The object being held by the woman.,0.1598527888138613
p2u4OJKqMxE_130000_140000,p2u4OJKqMxE_130000_140000_cello_6,1,The cello remained silent.,0.161764344800533
TCcD-vOUtNc_99000_109000,TCcD-vOUtNc_99000_109000_harp_1,1,The sounding object in front of the woman in red.,0.162333425633472
U1pyRmKgnrM_142000_152000,U1pyRmKgnrM_142000_152000_razor_3,1,The object making the longest sound duration.,0.1626244628973697
topmJqYT-Ts_1000_11000,topmJqYT-Ts_1000_11000_cello_4,1,Controlled by the woman on the right_the object sounded.,0.1650013532866333
EDsWcIijZCw_114000_124000,EDsWcIijZCw_114000_124000_clock_5,1,The source of the audio.,0.169660408745589
zPMUL7f4OOU_420000_430000,zPMUL7f4OOU_420000_430000_cello_6,0,Controlled by the man on the far right_the object sounded.,0.1702294546757537
-3ABOVeVmpU_136000_146000,-3ABOVeVmpU_136000_146000_woman_4,0,The entity emitting sound through vocal melody.,0.1703355637787404
WkbCFN97-NM_126000_136000,WkbCFN97-NM_126000_136000_bass_6,2,The object being played by the man on the right.,0.1708396092472001
cmNI6jiMKik_46000_56000,cmNI6jiMKik_46000_56000_piano_3,2,The piano being played by a woman.,0.1712294337872256
f0jKjIOFzAY_243000_253000,f0jKjIOFzAY_243000_253000_saxophone_4,0,The item held by the man.,0.1723845350471463
f0jKjIOFzAY_243000_253000,f0jKjIOFzAY_243000_253000_saxophone_2,0,The saxophone being held by the woman on the left,0.1726889125641329
f0jKjIOFzAY_243000_253000,f0jKjIOFzAY_243000_253000_saxophone_5,0,The saxophone being held by the woman to the left.,0.1726912771076911
LxIi6zy5zJ4_110000_120000,LxIi6zy5zJ4_110000_120000_car_1,1,The object behind the cat.,0.1727424907603905
CpCubAYD3ic_225000_235000,CpCubAYD3ic_225000_235000_razor_3,1,The object behind the sounding man.,0.1734894717759896
LxIi6zy5zJ4_110000_120000,LxIi6zy5zJ4_110000_120000_car_6,1,The car appearing throughout the entire video.,0.1737839209620987
cmNI6jiMKik_46000_56000,cmNI6jiMKik_46000_56000_piano_6,2,The piano played by a woman.,0.1738061105022876
f0jKjIOFzAY_243000_253000,f0jKjIOFzAY_243000_253000_saxophone_1,0,The object held by the man.,0.1746326031334935
GG-PF_JxeW4_1640000_1650000,GG-PF_JxeW4_1640000_1650000_guitar_4,2,The sounding object in front of the man on the left.,0.1759476482574208
GG-PF_JxeW4_1640000_1650000,GG-PF_JxeW4_1640000_1650000_piano_1,1,The sounding object on the right of the woman.,0.176657987832658
dVa49WwXzr8_1023000_1033000,dVa49WwXzr8_1023000_1033000_marimba_4,1,The instrument being played by the standing man_generating sound.,0.178008249048734
LxIi6zy5zJ4_110000_120000,LxIi6zy5zJ4_110000_120000_car_4,1,The object positioned behind the cat.,0.1788493498868954
CpCubAYD3ic_225000_235000,CpCubAYD3ic_225000_235000_razor_1,1,The object that making a sound after the man.,0.1810589173936804
CpCubAYD3ic_225000_235000,CpCubAYD3ic_225000_235000_razor_2,1,The object that making a sound after the man.,0.1810589173936804
4bg9UqOSeBo_160000_170000,4bg9UqOSeBo_160000_170000_dog_5,2,The entity emitting intermittent sound.,0.1816674082954415
CpCubAYD3ic_225000_235000,CpCubAYD3ic_225000_235000_razor_5,1,The object succeeding the man in sound emission.,0.1821757092604153
BRAQLY85x5U_75000_85000,BRAQLY85x5U_75000_85000_harp_3,3,The object that keeps making sound at all times.,0.1829604469617121
CpCubAYD3ic_225000_235000,CpCubAYD3ic_225000_235000_razor_4,1,The object following the man in sound emission.,0.1841757590700303
GG-PF_JxeW4_1640000_1650000,GG-PF_JxeW4_1640000_1650000_guitar_1,2,The sounding object in front of the man on the left,0.1851156113699424
E8zQtjE2Q0M_105000_115000,E8zQtjE2Q0M_105000_115000_handpan_5,1,The object being played by the man in green_producing sound.,0.1859326878549005
AxjZti5_t94_90000_100000,AxjZti5_t94_90000_100000_guzheng_5,2,The sounding object to the right of the pipa.,0.1865852116992886
2QAev97bk0c_75000_85000,2QAev97bk0c_75000_85000_ukulele_2,3,The object making a sound by being played by the man wearing white pants.,0.1874300104103297
BRAQLY85x5U_75000_85000,BRAQLY85x5U_75000_85000_harp_6,3,The perpetual noise-emitting entity.,0.1885963993517814
BRAQLY85x5U_75000_85000,BRAQLY85x5U_75000_85000_harp_2,1,The sounding object on the left of the woman wearing the glasses.,0.1891392085991158
G4ub_r9kYX0_26000_36000,G4ub_r9kYX0_26000_36000_ukulele_6,1,The ultimate sound-producing object.,0.1891401173858877
E8zQtjE2Q0M_105000_115000,E8zQtjE2Q0M_105000_115000_handpan_2,1,The object making a sound by being played by the man in green.,0.18916149289918
BRAQLY85x5U_75000_85000,BRAQLY85x5U_75000_85000_harp_5,1,The sounding object to the left of the woman wearing glasses.,0.1900459771981001
EDsWcIijZCw_114000_124000,EDsWcIijZCw_114000_124000_clock_2,1,The sounding object.,0.1903272636944798
BRAQLY85x5U_75000_85000,BRAQLY85x5U_75000_85000_harp_4,1,The object being played by the woman.,0.1908643098319602
Bq_d0kJRs4k_136000_146000,Bq_d0kJRs4k_136000_146000_dog_1,0,The object that making a sound before the hair-dryer.,0.1918365971729391
872Lwp3MOro_6000_16000,872Lwp3MOro_6000_16000_couch_1,0,the couch.,0.1922283063770359
4bg9UqOSeBo_160000_170000,4bg9UqOSeBo_160000_170000_dog_4,2,The entity with the briefest duration of sound.,0.192250508829892
BRAQLY85x5U_75000_85000,BRAQLY85x5U_75000_85000_harp_1,1,The object making a sound by being played by the woman.,0.1926529828576285
kF2y7RIC7-Y_258000_268000,kF2y7RIC7-Y_258000_268000_ukulele_5,1,The instrument being played by the girl_producing sound.,0.1932473118152234
oP550FUJxUA_97000_107000,oP550FUJxUA_97000_107000_tabla_6,1,The instrument played by the man on the left.,0.1932784957376902
Bq_d0kJRs4k_136000_146000,Bq_d0kJRs4k_136000_146000_dog_5,0,The inaugural sound-producing entity.,0.1947709216350386
oP550FUJxUA_97000_107000,oP550FUJxUA_97000_107000_tabla_1,1,The object making a sound by being played by the man on the left.,0.1948367104950909
oP550FUJxUA_97000_107000,oP550FUJxUA_97000_107000_tabla_3,1,The object being played by the man on the left.,0.1952096532504844
sV1o5VmL-9g_824000_834000,sV1o5VmL-9g_824000_834000_man_3,0,The man that makes louder sound than dog.,0.1952456612241268
EDsWcIijZCw_114000_124000,EDsWcIijZCw_114000_124000_clock_4,1,The object with the longest duration of sound.,0.1955985397497252
EDsWcIijZCw_114000_124000,EDsWcIijZCw_114000_124000_clock_6,1,The object emitting the most intense sound.,0.1974062720501241
oP550FUJxUA_97000_107000,oP550FUJxUA_97000_107000_tabla_5,1,The instrument being played by the man with glasses.,0.19740928320211
oP550FUJxUA_97000_107000,oP550FUJxUA_97000_107000_tabla_4,1,The instrument being played by the man on the left.,0.198898485211192
872Lwp3MOro_6000_16000,872Lwp3MOro_6000_16000_couch_2,0,The couch sit by a woman.,0.199738691481604
LFs44HbaTr8_46000_56000,LFs44HbaTr8_46000_56000_guzheng_5,1,The entity with the lengthiest duration of sound.,0.2010992746194616
oP550FUJxUA_97000_107000,oP550FUJxUA_97000_107000_tabla_2,1,The object making a sound by being played by the man with glasses.,0.2020479924490417
bELyeHxF7eA_42000_52000,bELyeHxF7eA_42000_52000_violin_3,1,The object making the loudest sound.,0.2029455687188424
4bg9UqOSeBo_160000_170000,4bg9UqOSeBo_160000_170000_dog_1,2,The object making the shortest sound duration.,0.2038547243827863
sMsrz5VqchQ_130000_140000,sMsrz5VqchQ_130000_140000_piano_1,0,The object making a sound by being played by the woman.,0.2039107698896309
AxjZti5_t94_42000_52000,AxjZti5_t94_42000_52000_guzheng_5,3,The sounding object to the right of the pipa.,0.2042355879101517
4bg9UqOSeBo_160000_170000,4bg9UqOSeBo_160000_170000_dog_2,2,The object making the intermittent sound.,0.2059233113199212
Bq_d0kJRs4k_136000_146000,Bq_d0kJRs4k_136000_146000_dog_4,0,The object preceding the hair-dryer in sound production.,0.2062358003673815
ZU0JSxWk1Po_16000_26000,ZU0JSxWk1Po_16000_26000_guzheng_4,1,The object being played by the woman on the right.,0.2070639108398546
FHSoSamzdAY_845000_855000,FHSoSamzdAY_845000_855000_violin_2,0,The object making a sound by being played by the woman on the right.,0.2073181389760399
oRSCL3149fI_87000_97000,oRSCL3149fI_87000_97000_piano_4,2,The instrument being played by the woman_emitting sound.,0.2074441203958834
FHSoSamzdAY_845000_855000,FHSoSamzdAY_845000_855000_violin_5,0,The object being played by the woman on the right_producing sound.,0.207660692814168
sHyhvtLTCbo_10000_20000,sHyhvtLTCbo_10000_20000_piano_4,0,Controlled by the man to the left of the piano_the instrument resounded.,0.209140815476237
AxjZti5_t94_42000_52000,AxjZti5_t94_42000_52000_guzheng_6,3,The object emitting the lowest sound.,0.2095870754671856
FLqDjfVyBUg_10000_20000,FLqDjfVyBUg_10000_20000_ukulele_5,1,The perpetual noise-emitting object.,0.2097886519752894
CpCubAYD3ic_225000_235000,CpCubAYD3ic_225000_235000_razor_6,1,The object positioned behind the sounding man.,0.2101951933539226
LFs44HbaTr8_46000_56000,LFs44HbaTr8_46000_56000_pipa_1,0,The instrument that didn't make any sound.,0.2103978887531791
zM7QopQ3MgI_410000_420000,zM7QopQ3MgI_410000_420000_tabla_1,1,The object making a sound by being played by the man on the left.,0.2105464684715282
pG1aSAUbf4I_150000_160000,pG1aSAUbf4I_150000_160000_handpan_6,1,Positioned on the legs of the man on the right_the sounding object sat.,0.212735564922585
GG-PF_JxeW4_1640000_1650000,GG-PF_JxeW4_1640000_1650000_guitar_2,2,The object that keeps making sound at all times.,0.2129880845381631
LFs44HbaTr8_46000_56000,LFs44HbaTr8_46000_56000_pipa_5,0,The entity being held by the person on the left.,0.2132381549614717
WkbCFN97-NM_126000_136000,WkbCFN97-NM_126000_136000_bass_1,2,The bass being held by a man wearing a shirt.,0.2142734713771897
2QAev97bk0c_75000_85000,2QAev97bk0c_75000_85000_pipa_5,5,The entity played by the woman in green.,0.2143837468710185
2QAev97bk0c_75000_85000,2QAev97bk0c_75000_85000_pipa_6,5,The entity emitting the most intense sound.,0.2146615288478778
LOFX2UVozf8_80000_90000,LOFX2UVozf8_80000_90000_handpan_6,1,The perpetually sounding object.,0.2150113221522035
LFs44HbaTr8_46000_56000,LFs44HbaTr8_46000_56000_pipa_6,0,The entity being held by the woman on the left.,0.215167189990148
LFs44HbaTr8_46000_56000,LFs44HbaTr8_46000_56000_pipa_2,0,The object being held by the person on the left.,0.2165397692117302
LFs44HbaTr8_46000_56000,LFs44HbaTr8_46000_56000_pipa_3,0,The object being held by the woman on the left.,0.2165732756438662
wrdAEmNvEj4_831000_841000,wrdAEmNvEj4_831000_841000_car_1,3,The white car.,0.2168339022422127
CVA8LpBW3Sc_76000_86000,CVA8LpBW3Sc_76000_86000_saxophone_4,0,The object emitting sound following the cello.,0.2170546951687515
WkbCFN97-NM_126000_136000,WkbCFN97-NM_126000_136000_bass_3,2,The object making a sound by being played by the man on the right.,0.2175740278203567
CVA8LpBW3Sc_76000_86000,CVA8LpBW3Sc_76000_86000_saxophone_1,0,The object that making a sound after the cello.,0.2195438578155149
CVA8LpBW3Sc_76000_86000,CVA8LpBW3Sc_76000_86000_saxophone_5,0,The object being played by the man_producing sound.,0.2196714611582559
AxjZti5_t94_90000_100000,AxjZti5_t94_90000_100000_guzheng_6,2,The object being played by the individual on the right.,0.2231599781902333
U1pyRmKgnrM_142000_152000,U1pyRmKgnrM_142000_152000_razor_2,1,The first object to make a sound.,0.2243855796597799
89wbeFGWzkY_415000_425000,89wbeFGWzkY_415000_425000_man_2,1,The object making a sound by singing and playing accordion.,0.2244729635768572
CVA8LpBW3Sc_76000_86000,CVA8LpBW3Sc_76000_86000_saxophone_6,0,The object being played by the individual on the right_emitting sound.,0.2245392577585775
89wbeFGWzkY_415000_425000,89wbeFGWzkY_415000_425000_man_1,1,The object making a sound by singing.,0.2245431390676363
pG1aSAUbf4I_150000_160000,pG1aSAUbf4I_150000_160000_handpan_3,1,The sounding object on the legs of the man on the right.,0.2250906816587331
S_NJKy7Aoto_213000_223000,S_NJKy7Aoto_213000_223000_sitar_2,0,The sounding object on the right of the sounding tabla.,0.225439938353747
CjQmcO_Q5d8_42000_52000,CjQmcO_Q5d8_42000_52000_piano_2,4,The object making a sound by being played by the woman.,0.225987748110154
CVA8LpBW3Sc_76000_86000,CVA8LpBW3Sc_76000_86000_saxophone_3,0,The object making a sound by being played by the person on the right.,0.2260564602950294
EDsWcIijZCw_114000_124000,EDsWcIijZCw_114000_124000_clock_1,1,The object making the longest sound duration.,0.227180090043389
CVA8LpBW3Sc_76000_86000,CVA8LpBW3Sc_76000_86000_saxophone_2,0,The object making a sound by being played by the man.,0.2274653174828692
topmJqYT-Ts_1000_11000,topmJqYT-Ts_1000_11000_cello_1,1,The object making a sound by being played by the woman on the right.,0.2283227769353498
AxjZti5_t94_90000_100000,AxjZti5_t94_90000_100000_guzheng_4,2,The object being played by the woman on the right.,0.2284374849232357
OPVEPq_r-vk_211000_221000,OPVEPq_r-vk_211000_221000_cello_2,0,The sounding object near the woman.,0.2292149859907334
AxjZti5_t94_90000_100000,AxjZti5_t94_90000_100000_guzheng_3,2,The object making a sound by being played by the person on the right.,0.2302578626277195
2QAev97bk0c_75000_85000,2QAev97bk0c_75000_85000_pipa_3,5,The object making the loudest sound.,0.233213865184465
AxjZti5_t94_90000_100000,AxjZti5_t94_90000_100000_guzheng_1,2,The object making a sound by being played by the woman on the right.,0.2336652143328776
Pe1LuVFTczE_358000_368000,Pe1LuVFTczE_358000_368000_woman_1,1,The object making a sound by playing the pipa.,0.2341371168646063
LOFX2UVozf8_80000_90000,LOFX2UVozf8_80000_90000_handpan_3,1,The object that keeps making sound at all times.,0.2342797991471838
oRSCL3149fI_87000_97000,oRSCL3149fI_87000_97000_piano_1,2,The object making a sound by being played by the woman.,0.2346235091981307
q3YnhPgt-rM_118000_128000,q3YnhPgt-rM_118000_128000_cello_3,1,The object making a sound by being played by the man on the right.,0.2351257633877983
U1pyRmKgnrM_142000_152000,U1pyRmKgnrM_142000_152000_razor_5,1,The initial sound-producing object.,0.2361585742579338
GG-PF_JxeW4_1640000_1650000,GG-PF_JxeW4_1640000_1650000_guitar_3,2,The sounding guitar.,0.2366005723199102
BSkcM4ScyEs_150000_160000,BSkcM4ScyEs_150000_160000_handpan_5,2,The perpetual noise-emitting entity.,0.2366989986663401
9RjnpAQXLk8_60000_70000,9RjnpAQXLk8_60000_70000_harp_3,0,The sounding object on the left of the marimba.,0.2371305832533275
DOe5REXClL8_60000_70000,DOe5REXClL8_60000_70000_accordion_5,3,The object being played by the man_producing sound.,0.2371605123973785
2QKv1iBsTJM_190000_200000,2QKv1iBsTJM_190000_200000_man_1,1,The object making a sound by playing the instrument.,0.2373019431416743
oP550FUJxUA_16000_26000,oP550FUJxUA_16000_26000_tabla_3,1,The sounding object near the man on the left.,0.2408755555799044
EDsWcIijZCw_114000_124000,EDsWcIijZCw_114000_124000_clock_3,1,The object making the loudest sound.,0.2408921812300424
BSkcM4ScyEs_150000_160000,BSkcM4ScyEs_150000_160000_handpan_2,2,The object that keeps making sound at all times.,0.2412950911050187
Pe1LuVFTczE_358000_368000,Pe1LuVFTczE_358000_368000_woman_4,1,The entity producing sound through playing the pipa.,0.2415266807562965
872Lwp3MOro_6000_16000,872Lwp3MOro_6000_16000_couch_3,0,The object being sat on by the woman.,0.241528306704267
oYeir4FWq_8_6000_16000,oYeir4FWq_8_6000_16000_ukulele_4,1,Adjacent to the boy_the sounding instrument stood.,0.2425082330552422
FLqDjfVyBUg_10000_20000,FLqDjfVyBUg_10000_20000_ukulele_1,1,The object making the fastest rhythm.,0.2432279869487035
79T0FclnIDw_0_10000,79T0FclnIDw_0_10000_boy_6,0,The initial sound-producing entity.,0.2452876681753272
S_NJKy7Aoto_266000_276000,S_NJKy7Aoto_266000_276000_tabla_3,1,The sounding object on the left of the sounding sitar.,0.2469179314213025
eK12jfQSnRQ_90000_100000,eK12jfQSnRQ_90000_100000_saxophone_6,0,The sounding object to the right of the cello.,0.2499742196943418
LOFX2UVozf8_80000_90000,LOFX2UVozf8_80000_90000_handpan_5,1,The sounding entity in front of the man.,0.2503812098634539
eK12jfQSnRQ_90000_100000,eK12jfQSnRQ_90000_100000_saxophone_4,0,The instrument being played by the man_emitting sound.,0.2506664761862761
LOFX2UVozf8_80000_90000,LOFX2UVozf8_80000_90000_handpan_4,1,The object being played by a man.,0.2506703830146578
S_NJKy7Aoto_213000_223000,S_NJKy7Aoto_213000_223000_tabla_1,1,The object making a sound by being played by the man on the left.,0.2509379819218408
oaYIWYXFMqY_70000_80000,oaYIWYXFMqY_70000_80000_bass_1,0,The bass being held by a man.,0.2513514211348665
JXlgmoBDgj0_171000_181000,JXlgmoBDgj0_171000_181000_handpan_3,0,The sounding object on the leg of the man.,0.2519929306601983
ZU0JSxWk1Po_2000_12000,ZU0JSxWk1Po_2000_12000_guzheng_4,1,The object being played by the woman on the right.,0.2519952570393463
3v7QC6Bl_7E_2000_12000,3v7QC6Bl_7E_2000_12000_marimba_3,0,The object that keeps making sound at all times.,0.2520208168405822
872Lwp3MOro_6000_16000,872Lwp3MOro_6000_16000_couch_6,0,The item being occupied by the woman.,0.2525682053956118
JXlgmoBDgj0_171000_181000,JXlgmoBDgj0_171000_181000_handpan_1,0,The handpan being played by a man.,0.2526235511726646
LOFX2UVozf8_80000_90000,LOFX2UVozf8_80000_90000_handpan_1,1,The object making a sound by being played by a man.,0.2530621370099185
EnMdx6V5e6A_22000_32000,EnMdx6V5e6A_22000_32000_hair-dryer_5,0,The perpetual noise-emitting object.,0.2531823256867443
oVK2QsKq8ak_186000_196000,oVK2QsKq8ak_186000_196000_man_1,1,The person in grey and playing the ukulele.,0.2535889864967824
9RjnpAQXLk8_60000_70000,9RjnpAQXLk8_60000_70000_harp_2,0,The object volume is lower over the time.,0.254018429268726
RMF6sp6tWHM_100000_110000,RMF6sp6tWHM_100000_110000_handpan_6,0,The object with the fastest rhythm.,0.2540303497490304
oP550FUJxUA_16000_26000,oP550FUJxUA_16000_26000_tabla_1,1,The object making a sound by being played by the man on the left.,0.2544946978773152
oP550FUJxUA_16000_26000,oP550FUJxUA_16000_26000_tabla_2,1,The object making a sound by being played by the man wearing glasses.,0.2558569199633841
LOFX2UVozf8_80000_90000,LOFX2UVozf8_80000_90000_handpan_2,1,The sounding object in front of the man.,0.2560346076181709
zM7QopQ3MgI_499000_509000,zM7QopQ3MgI_499000_509000_sitar_5,0,The object with the slowest tempo.,0.2565374738936373
OPVEPq_r-vk_211000_221000,OPVEPq_r-vk_211000_221000_cello_5,0,The sounding entity near the woman.,0.2571203802374368
U1dZX1ReD88_48000_58000,U1dZX1ReD88_48000_58000_cello_4,0,The sounding object to the right of the saxophone.,0.258154853700016
RMF6sp6tWHM_100000_110000,RMF6sp6tWHM_100000_110000_handpan_5,0,The object producing sound continuously.,0.2586046992221326
EnMdx6V5e6A_22000_32000,EnMdx6V5e6A_22000_32000_hair-dryer_4,0,The source of the audio.,0.2586720445005741
p2u4OJKqMxE_130000_140000,p2u4OJKqMxE_130000_140000_cello_3,1,the cello.,0.259332598799742
eK12jfQSnRQ_90000_100000,eK12jfQSnRQ_90000_100000_saxophone_1,0,The object making a sound by being played by the man.,0.2601427620966136
bELyeHxF7eA_42000_52000,bELyeHxF7eA_42000_52000_violin_6,1,The item producing the most pronounced sound.,0.2603725306848606
2wmxck5D9Vw_102000_112000,2wmxck5D9Vw_102000_112000_cello_1,1,The sounding object on the right of the violin.,0.2620728248572937
dVa49WwXzr8_1023000_1033000,dVa49WwXzr8_1023000_1033000_marimba_3,1,The object making a sound by being beaten with sticks.        ,0.2621502610636238
GG-PF_JxeW4_1640000_1650000,GG-PF_JxeW4_1640000_1650000_woman_5,0,The object emitting intermittent sounds.,0.2623889912028565
RMF6sp6tWHM_100000_110000,RMF6sp6tWHM_100000_110000_handpan_3,0,The object making the fastest rhythm.,0.2629575900999245
Ow9uE_v2AEg_28000_38000,Ow9uE_v2AEg_28000_38000_piano_2,3,The piano being played by a woman.,0.263073935042404
QHcG-FDM75Q_113000_123000,QHcG-FDM75Q_113000_123000_cello_4,1,The entity producing the shortest sound duration.,0.2632094499137828
S_NJKy7Aoto_266000_276000,S_NJKy7Aoto_266000_276000_tabla_6,1,The sounding object to the left of the sounding sitar.,0.2638042687676404
S_NJKy7Aoto_213000_223000,S_NJKy7Aoto_213000_223000_tabla_3,1,The sounding object near the man on the left.,0.2655087206612531
JVjDa0NmfeE_173000_183000,JVjDa0NmfeE_173000_183000_cat_2,1,The white cat.,0.2655137987192408
dVa49WwXzr8_1023000_1033000,dVa49WwXzr8_1023000_1033000_marimba_5,1,The sounding object near the standing man.,0.2655297418529993
S_NJKy7Aoto_213000_223000,S_NJKy7Aoto_213000_223000_tabla_4,1,The object being played by the man on the left.,0.265826859192612
oP550FUJxUA_16000_26000,oP550FUJxUA_16000_26000_tabla_4,1,The instrument being played by the man on the left.,0.2671907973077415
S_NJKy7Aoto_266000_276000,S_NJKy7Aoto_266000_276000_tabla_5,1,The object being played by the man on the left.,0.2681595348229139
oP550FUJxUA_16000_26000,oP550FUJxUA_16000_26000_tabla_5,1,The instrument being played by the man wearing glasses.,0.2682235916062348
3v7QC6Bl_7E_2000_12000,3v7QC6Bl_7E_2000_12000_marimba_1,0,The sounding object.,0.2697467063966076
EnMdx6V5e6A_22000_32000,EnMdx6V5e6A_22000_32000_hair-dryer_1,0,The sounding object.,0.2698194318757634
JXlgmoBDgj0_171000_181000,JXlgmoBDgj0_171000_181000_handpan_2,0,The object making a sound by being played by the man.,0.2701005440978808
UYUH7Jmfp3g_76000_86000,UYUH7Jmfp3g_76000_86000_tabla_2,1,The sounding object on the left of the sitar.,0.2729097413309124
FLqDjfVyBUg_10000_20000,FLqDjfVyBUg_10000_20000_ukulele_4,1,The object with the fastest rhythm.,0.2735875977139478
UYUH7Jmfp3g_76000_86000,UYUH7Jmfp3g_76000_86000_tabla_3,1,The object making a sound by being played by the man on the left.,0.2737676155178793
dVa49WwXzr8_1023000_1033000,dVa49WwXzr8_1023000_1033000_marimba_1,1,The object making a sound by being played by the man standing.,0.2748545490503874
OPVEPq_r-vk_211000_221000,OPVEPq_r-vk_211000_221000_cello_6,0,The sounding entity in front of the woman.,0.2752392184622272
topmJqYT-Ts_1000_11000,topmJqYT-Ts_1000_11000_cello_5,1,The initial sounding object.,0.2755365278780929
dRa7aBGnStU_82000_92000,dRa7aBGnStU_82000_92000_handpan_1,1,The object making a sound by being played by the man on the left.,0.2765540358880035
W5yveLPTD04_211000_221000,W5yveLPTD04_211000_221000_cello_2,1,The sounding object on the left of the saxophone.,0.2766223110864296
ZU0JSxWk1Po_2000_12000,ZU0JSxWk1Po_2000_12000_guzheng_6,1,The object being played by the woman wearing trousers.,0.2767856166542458
Bq_d0kJRs4k_136000_146000,Bq_d0kJRs4k_136000_146000_dog_2,0,The first object to make a sound.,0.2773729082990372
UYUH7Jmfp3g_13000_23000,UYUH7Jmfp3g_13000_23000_tabla_6,1,The sounding object far from the man in black.,0.2784948938946218
oVK2QsKq8ak_186000_196000,oVK2QsKq8ak_186000_196000_man_4,1,The individual in gray playing the ukulele.,0.278585728172918
OPVEPq_r-vk_211000_221000,OPVEPq_r-vk_211000_221000_cello_1,0,The object making a sound by being played by the womam.,0.2805141173977216
p2u4OJKqMxE_130000_140000,p2u4OJKqMxE_130000_140000_cello_2,1,The object making a sound by being played by the man with long hair.,0.2821053018518387
p2u4OJKqMxE_130000_140000,p2u4OJKqMxE_130000_140000_cello_1,1,The object making a sound by being played by the man in the middle.,0.2824175308728919
JXlgmoBDgj0_171000_181000,JXlgmoBDgj0_171000_181000_handpan_5,0,The object being played by the man_generating sound.,0.2825457672330219
LFs44HbaTr8_46000_56000,LFs44HbaTr8_46000_56000_guzheng_1,1,The object making the loudest sound.,0.2841023636547429
oVK2QsKq8ak_186000_196000,oVK2QsKq8ak_186000_196000_ukulele_5,2,The instrument being played by the man_emitting sound.,0.2859650222216358
UYUH7Jmfp3g_13000_23000,UYUH7Jmfp3g_13000_23000_tabla_1,1,the object making a sound by being played by the person on the left.,0.2862831760832554
UYUH7Jmfp3g_13000_23000,UYUH7Jmfp3g_13000_23000_tabla_2,1,The object making a sound by being played by the man on the left.,0.2863322849259187
79T0FclnIDw_0_10000,79T0FclnIDw_0_10000_boy_3,0,The first object to make a sound.,0.2870494276863805
OPVEPq_r-vk_211000_221000,OPVEPq_r-vk_211000_221000_cello_4,0,The entity producing sound through being played by the woman.,0.2873726541383906
OPVEPq_r-vk_211000_221000,OPVEPq_r-vk_211000_221000_cello_3,0,The sounding object in front of the woman.,0.2875668647813736
2QAev97bk0c_75000_85000,2QAev97bk0c_75000_85000_pipa_2,5,The object making a sound by being played by the woman in green.,0.2888997795209836
CEyVVscBBg8_13000_23000,CEyVVscBBg8_13000_23000_violin_1,1,the object making a sound by being played by the person on the right.,0.2889317409188214
eK12jfQSnRQ_90000_100000,eK12jfQSnRQ_90000_100000_saxophone_2,0,The sounding object near the man.,0.2890115878770135
UYUH7Jmfp3g_13000_23000,UYUH7Jmfp3g_13000_23000_tabla_4,1,The object being played by the person on the left.,0.2902165040948972
dUcOkRkz6bA_387000_397000,dUcOkRkz6bA_387000_397000_bass_5,3,The bass situated in front of the drum.,0.2907580591333286
CEyVVscBBg8_13000_23000,CEyVVscBBg8_13000_23000_violin_2,1,The object making a sound by being played by the woman.,0.2914191232428235
UYUH7Jmfp3g_76000_86000,UYUH7Jmfp3g_76000_86000_tabla_5,1,The sounding object to the left of the sitar.,0.2914294124105311
79T0FclnIDw_0_10000,79T0FclnIDw_0_10000_boy_2,0,The object making a sound by talking to the woman.,0.2916719431448721
CEyVVscBBg8_13000_23000,CEyVVscBBg8_13000_23000_violin_4,1,The object being played by the individual on the right.,0.2918826194404414
pG1aSAUbf4I_150000_160000,pG1aSAUbf4I_150000_160000_handpan_4,0,Near the man in the black hat_the sounding object rested.,0.291993300084976
S_NJKy7Aoto_266000_276000,S_NJKy7Aoto_266000_276000_tabla_2,1,The object making a sound by being played by the man on the left.,0.2920502689700122
CEyVVscBBg8_13000_23000,CEyVVscBBg8_13000_23000_violin_5,1,The object being played by the woman.,0.2922310328268816
ZU0JSxWk1Po_2000_12000,ZU0JSxWk1Po_2000_12000_guzheng_1,1,The object making a sound by being played by the woman on the right.,0.2929368799448767
948s7w-mFs8_457000_467000,948s7w-mFs8_457000_467000_razor_6,0,The object emitting the most intense sound.,0.2947414482637838
56_Unf49ZyM_27000_37000,56_Unf49ZyM_27000_37000_pipa_3,0,The sounding object near the woman on the left.,0.2968945492480598
LdB5pW9c_N4_477000_487000,LdB5pW9c_N4_477000_487000_sitar_6,0,The object being played by the man wearing a cap.,0.2972646871105673
LdB5pW9c_N4_477000_487000,LdB5pW9c_N4_477000_487000_sitar_5,0,The object being played by the individual on the right.,0.2974482061733262
UYUH7Jmfp3g_76000_86000,UYUH7Jmfp3g_76000_86000_tabla_6,1,The object being played by the man on the left.,0.2980971419254977
UYUH7Jmfp3g_76000_86000,UYUH7Jmfp3g_76000_86000_tabla_4,1,The object being played by the man in white.,0.2982220979707669
2wmxck5D9Vw_102000_112000,2wmxck5D9Vw_102000_112000_cello_4,1,The sounding entity to the right of the violin.,0.2998554372722756
LdB5pW9c_N4_477000_487000,LdB5pW9c_N4_477000_487000_sitar_3,0,The object making a sound by being played by the man wearing a cap.,0.3001139929912637
LdB5pW9c_N4_477000_487000,LdB5pW9c_N4_477000_487000_sitar_2,0,The object making a sound by being played by the person on the right.,0.3001615176340407
UYUH7Jmfp3g_13000_23000,UYUH7Jmfp3g_13000_23000_tabla_3,1,The sounding object far the man in black.,0.3002398121803493
ZU0JSxWk1Po_2000_12000,ZU0JSxWk1Po_2000_12000_guzheng_3,1,The object making a sound by being played by the woman wearing trousers.,0.3011284927967189
UYUH7Jmfp3g_76000_86000,UYUH7Jmfp3g_76000_86000_tabla_1,1,The object making a sound by being played by the man in white.,0.3026849872965848
RMF6sp6tWHM_100000_110000,RMF6sp6tWHM_100000_110000_handpan_2,0,The object that keeps making sound at all times.,0.3043220571809149
56_Unf49ZyM_27000_37000,56_Unf49ZyM_27000_37000_pipa_6,0,The sounding entity near the woman on the left.,0.3047946573047854
UYUH7Jmfp3g_13000_23000,UYUH7Jmfp3g_13000_23000_tabla_5,1,The object being played by the man on the left.,0.3048201928061527
oyi5pKPwz9Q_3000_13000,oyi5pKPwz9Q_3000_13000_violin_1,1,The instrument that didn't make any sound.,0.3057589910795057
oyi5pKPwz9Q_3000_13000,oyi5pKPwz9Q_3000_13000_violin_3,1,The instrument that didn't make any sound.,0.3057589910795057
zPMUL7f4OOU_420000_430000,zPMUL7f4OOU_420000_430000_cello_3,0,The object making a sound by being played by the man on the far right.,0.3062632220455868
rozFJYWrLj0_120000_130000,rozFJYWrLj0_120000_130000_guitar_1,2,The object making a sound by being played by the man on the left,0.3064143730357566
56_Unf49ZyM_27000_37000,56_Unf49ZyM_27000_37000_pipa_4,0,The object being played by the woman on the left.,0.306897598534096
sjIEiu_ovKc_470000_480000,sjIEiu_ovKc_470000_480000_woman_1,1,The first object to make a sound.,0.3079320559581875
DOe5REXClL8_60000_70000,DOe5REXClL8_60000_70000_accordion_6,3,The item held by the man.,0.3096851739037418
AxjZti5_t94_42000_52000,AxjZti5_t94_42000_52000_guzheng_4,3,The object being played by the woman seated on the right.,0.3108011449179711
AxjZti5_t94_42000_52000,AxjZti5_t94_42000_52000_pipa_4,0,The sounding object to the left of the guzheng.,0.3133184971518806
56_Unf49ZyM_27000_37000,56_Unf49ZyM_27000_37000_pipa_5,0,The object held by the individual on the left.,0.3134958058714773
oVK2QsKq8ak_186000_196000,oVK2QsKq8ak_186000_196000_girl_4,0,The object emitting sound through singing.,0.3139091231246791
LxIi6zy5zJ4_0_10000,LxIi6zy5zJ4_0_10000_cat_6,0,The initial sound-producing object.,0.3144263589872622
56_Unf49ZyM_27000_37000,56_Unf49ZyM_27000_37000_pipa_2,0,The object being held by the person on the left.,0.3144700099373679
BSkcM4ScyEs_150000_160000,BSkcM4ScyEs_150000_160000_couch_1,0,The object sat on by the man.,0.3149852890591517
56_Unf49ZyM_27000_37000,56_Unf49ZyM_27000_37000_pipa_1,0,The object making a sound by being played by the woman on the left.,0.3159073708201073
3v7QC6Bl_7E_2000_12000,3v7QC6Bl_7E_2000_12000_marimba_6,0,The perpetual noise-emitting object.,0.3167592317218905
7pWa_kcAoMg_49000_59000,7pWa_kcAoMg_49000_59000_cello_4,1,The object being played by the woman.,0.3178086816126828
LxIi6zy5zJ4_0_10000,LxIi6zy5zJ4_0_10000_cat_3,0,The first object to make a sound.,0.317971520820738
Ptm0GYEf4AI_40000_50000,Ptm0GYEf4AI_40000_50000_man_5,0,The entity following the saw in sound production.,0.3181338631635607
BSkcM4ScyEs_150000_160000,BSkcM4ScyEs_150000_160000_couch_3,0,The couch sat by a man.,0.3191088779426838
LxIi6zy5zJ4_0_10000,LxIi6zy5zJ4_0_10000_cat_2,0,The orange black and sounding cat.,0.3192084724198563
dUcOkRkz6bA_387000_397000,dUcOkRkz6bA_387000_397000_bass_2,3,The bass in front of the drum.,0.3204446705471594
OFgcrlxku9g_160000_170000,OFgcrlxku9g_160000_170000_cello_4,2,The entity being held by the woman.,0.3204492311833564
Ptm0GYEf4AI_40000_50000,Ptm0GYEf4AI_40000_50000_saw_1,1,The sounding saw.,0.320468763773215
pG1aSAUbf4I_150000_160000,pG1aSAUbf4I_150000_160000_handpan_1,0,The sounding object near the man wearing a black hat.,0.3209784319629851
AxjZti5_t94_42000_52000,AxjZti5_t94_42000_52000_pipa_6,0,The object emitting the most intense sound.,0.3210130185113556
sV1o5VmL-9g_824000_834000,sV1o5VmL-9g_824000_834000_man_4,0,Initiating the first sound_the sounding object stood.,0.3211503304906673
AxjZti5_t94_42000_52000,AxjZti5_t94_42000_52000_pipa_3,0,The object making the loudest sound.,0.3235882884472257
AxjZti5_t94_42000_52000,AxjZti5_t94_42000_52000_pipa_5,0,The inaugural sound-producing entity.,0.3246018199145124
RMF6sp6tWHM_100000_110000,RMF6sp6tWHM_100000_110000_handpan_1,0,The handpan being played by a man.,0.3247796255688169
2GSMIkobu5A_50000_60000,2GSMIkobu5A_50000_60000_harp_2,0,The sounding object on the left of the marimba.,0.3250589562042599
DOe5REXClL8_60000_70000,DOe5REXClL8_60000_70000_accordion_1,3,The sounding object in front of the piano.,0.3289360936989077
56_Unf49ZyM_50000_60000,56_Unf49ZyM_50000_60000_pipa_1,0,The object making a sound by being played by the woman on the left.,0.329057145788092
SFVZ2OklsVM_2715000_2725000,SFVZ2OklsVM_2715000_2725000_accordion_6,3,The object being played by the man with black hair.,0.3298641160182941
pG1aSAUbf4I_150000_160000,pG1aSAUbf4I_150000_160000_handpan_2,0,The handpan being played by a man in a black hat.,0.3299981523053518
SFVZ2OklsVM_2715000_2725000,SFVZ2OklsVM_2715000_2725000_accordion_2,3,The object making a sound by being played by the person on the right.,0.3300135328828247
BSkcM4ScyEs_150000_160000,BSkcM4ScyEs_150000_160000_couch_2,0,the couch.,0.3300445670635191
SFVZ2OklsVM_2715000_2725000,SFVZ2OklsVM_2715000_2725000_accordion_3,3,The object making a sound by being played by the man with black hair.,0.3300783977822872
SFVZ2OklsVM_2715000_2725000,SFVZ2OklsVM_2715000_2725000_accordion_1,3,The object making a sound by being played by the man in the right.,0.330236047805891
SFVZ2OklsVM_2715000_2725000,SFVZ2OklsVM_2715000_2725000_accordion_5,3,The object being played by the person on the right.,0.3309064860730409
SFVZ2OklsVM_2715000_2725000,SFVZ2OklsVM_2715000_2725000_accordion_4,3,The object being played by the man on the right.,0.3310889463448662
BSkcM4ScyEs_150000_160000,BSkcM4ScyEs_150000_160000_couch_4,0,The object occupied by the man.,0.3311777589682727
lcOP60uXMeI_20000_30000,lcOP60uXMeI_20000_30000_cello_6,1,The tempo of the instrument increases over time.,0.3315421012436862
UYUH7Jmfp3g_13000_23000,UYUH7Jmfp3g_13000_23000_sitar_5,0,The object being played by the man on the right.,0.3318009772960674
UYUH7Jmfp3g_13000_23000,UYUH7Jmfp3g_13000_23000_sitar_6,0,The object being played by the man in black.,0.3318499982486162
UYUH7Jmfp3g_13000_23000,UYUH7Jmfp3g_13000_23000_sitar_4,0,The object being played by the person on the right.,0.3320183204801277
56_Unf49ZyM_50000_60000,56_Unf49ZyM_50000_60000_pipa_4,0,The object being played by the woman on the left.,0.3329130681044602
CVA8LpBW3Sc_76000_86000,CVA8LpBW3Sc_76000_86000_cello_5,1,The object emitting sound through manipulation by the woman.,0.3332627125050272
UYUH7Jmfp3g_13000_23000,UYUH7Jmfp3g_13000_23000_sitar_3,0,The object making a sound by being played by the man in black.,0.334814137651147
UYUH7Jmfp3g_13000_23000,UYUH7Jmfp3g_13000_23000_sitar_1,0,the object making a sound by being played by the person on the right.,0.3353301993346599
UYUH7Jmfp3g_13000_23000,UYUH7Jmfp3g_13000_23000_sitar_2,0,The object making a sound by being played by the man on the right.,0.3354172995882962
LxIi6zy5zJ4_0_10000,LxIi6zy5zJ4_0_10000_cat_1,0,The cat with three different colors of fur.,0.3354847579907646
SFVZ2OklsVM_2765000_2775000,SFVZ2OklsVM_2765000_2775000_accordion_4,3,The object held by the man with black hair.,0.3367135674714022
SFVZ2OklsVM_2765000_2775000,SFVZ2OklsVM_2765000_2775000_accordion_5,3,The object held by the man on the right.,0.3367449406823149
56_Unf49ZyM_50000_60000,56_Unf49ZyM_50000_60000_pipa_6,0,The sounding entity near the woman on the left.,0.336979947473755
puugfzdXYz4_30000_40000,puugfzdXYz4_30000_40000_bass_4,0,To the right of the singing man_the sounding object stood.,0.3375170481917253
SFVZ2OklsVM_2765000_2775000,SFVZ2OklsVM_2765000_2775000_accordion_3,3,The object making a sound by being played by the man on the right.,0.3377711270273613
ZU0JSxWk1Po_16000_26000,ZU0JSxWk1Po_16000_26000_guzheng_1,1,The object making a sound by being played by the woman on the right.,0.3377951383598558
SFVZ2OklsVM_2765000_2775000,SFVZ2OklsVM_2765000_2775000_accordion_6,3,The object being played by the man on the right.,0.3379613307840102
SFVZ2OklsVM_2765000_2775000,SFVZ2OklsVM_2765000_2775000_accordion_1,3,The object being held by man with black hair.,0.3380482597250053
BSkcM4ScyEs_150000_160000,BSkcM4ScyEs_150000_160000_couch_6,0,The sofa occupied by a man.,0.338152298374903
SFVZ2OklsVM_2765000_2775000,SFVZ2OklsVM_2765000_2775000_accordion_2,3,The object being held by the man on the right.,0.338181573096333
LxIi6zy5zJ4_0_10000,LxIi6zy5zJ4_0_10000_cat_4,0,The cat displaying three different colors of fur.,0.3383165192686387
56_Unf49ZyM_50000_60000,56_Unf49ZyM_50000_60000_pipa_3,0,The sounding object near the woman on the left.,0.3395945418748642
ZU0JSxWk1Po_16000_26000,ZU0JSxWk1Po_16000_26000_guzheng_3,1,The sounding object in front of the woman on the right.,0.3403456864286675
AxjZti5_t94_42000_52000,AxjZti5_t94_42000_52000_pipa_1,0,The sounding object on the left of the guzheng.,0.3405978436857467
56_Unf49ZyM_50000_60000,56_Unf49ZyM_50000_60000_pipa_5,0,The sounding entity to the left of the guzheng.,0.3407706864075092
JrpAtKkqQ_A_12000_22000,JrpAtKkqQ_A_12000_22000_guitar_4,1,The object being played by the man on the left.,0.3415032494375338
JrpAtKkqQ_A_12000_22000,JrpAtKkqQ_A_12000_22000_guitar_5,1,The object being played by a singing man.,0.3424834069340204
2GSMIkobu5A_50000_60000,2GSMIkobu5A_50000_60000_harp_3,0,The sounding object on the left of the piano.,0.3425463320738633
dUcOkRkz6bA_387000_397000,dUcOkRkz6bA_387000_397000_man_1,6,The man in the middle.,0.342889111306165
AxjZti5_t94_42000_52000,AxjZti5_t94_42000_52000_guzheng_1,3,The object making a sound by the woman sitting on the right.,0.3437114655418797
puugfzdXYz4_30000_40000,puugfzdXYz4_30000_40000_bass_1,0,The sounding object on the right of the singing man.,0.3438639904034021
AxjZti5_t94_42000_52000,AxjZti5_t94_42000_52000_pipa_2,0,The first object to make a sound.,0.3445946281863756
4rerQA8KMzM_10000_20000,4rerQA8KMzM_10000_20000_guitar_1,1,The object making a sound by being played by the man.,0.3446567800895111
JrpAtKkqQ_A_12000_22000,JrpAtKkqQ_A_12000_22000_guitar_2,1,The object making a sound by being played by a man singing.,0.3459808115849671
4rerQA8KMzM_10000_20000,4rerQA8KMzM_10000_20000_guitar_4,1,The object manipulated by the man for sound production.,0.3461492862285335
dUcOkRkz6bA_387000_397000,dUcOkRkz6bA_387000_397000_bass_3,3,The sounding object in front of the singing man.,0.3462427490729812
JrpAtKkqQ_A_12000_22000,JrpAtKkqQ_A_12000_22000_guitar_1,1,The object making a sound by being played by the man on the left.,0.3463267899447954
dUcOkRkz6bA_387000_397000,dUcOkRkz6bA_387000_397000_bass_6,3,The sounding object in front of the singing individual.,0.347254140206695
56_Unf49ZyM_50000_60000,56_Unf49ZyM_50000_60000_pipa_2,0,The sounding object on the left of the guzheng.,0.3498118163908655
puugfzdXYz4_30000_40000,puugfzdXYz4_30000_40000_bass_2,2,The sounding object near the sounding man.,0.3504055942669754
4HXvK9zcoyk_115000_125000,4HXvK9zcoyk_115000_125000_woman_1,0,The object making a sound by singing a song.,0.3506970267868506
oVK2QsKq8ak_186000_196000,oVK2QsKq8ak_186000_196000_ukulele_4,3,The instrument being played by the girl_emitting sound.,0.3509458503949974
GG-PF_JxeW4_1640000_1650000,GG-PF_JxeW4_1640000_1650000_piano_6,1,The object being played by the woman_producing sound.,0.3514956942785064
EKM1wu2vXy4_26000_36000,EKM1wu2vXy4_26000_36000_ukulele_2,1,The object that keeps making sound at all times.,0.353406561745856
OFgcrlxku9g_160000_170000,OFgcrlxku9g_160000_170000_cello_6,2,The sounding entity near the woman.,0.353768179866761
FHSoSamzdAY_845000_855000,FHSoSamzdAY_845000_855000_woman_1,2,The object making a sound by playing the violin.,0.3547021510577043
zstao4nIPmU_250000_260000,zstao4nIPmU_250000_260000_man_1,0,The sounding object.,0.3558386299120815
hYt2Qf438l8_40000_50000,hYt2Qf438l8_40000_50000_cello_4,0,The initial sound-producing object.,0.3566011157631181
9xp46AwF9BY_38000_48000,9xp46AwF9BY_38000_48000_violin_3,6,The object making a sound by being played by the man on the left.,0.3589620032508188
8CNsNi5mmSE_58000_68000,8CNsNi5mmSE_58000_68000_pipa_2,0,The object making a sound by being played by the girl on the left.,0.3590700387690498
8CNsNi5mmSE_58000_68000,8CNsNi5mmSE_58000_68000_pipa_1,0,the object making a sound by being played by the person on the left.,0.3590883511491517
7pWa_kcAoMg_49000_59000,7pWa_kcAoMg_49000_59000_cello_1,1,The object making a sound by being played by the woman.,0.3608125714924404
8CNsNi5mmSE_58000_68000,8CNsNi5mmSE_58000_68000_pipa_5,0,The object being played by the girl on the left.,0.3610702938212975
8CNsNi5mmSE_58000_68000,8CNsNi5mmSE_58000_68000_pipa_4,0,The object being played by the individual on the left.,0.3611050540292928
UYUH7Jmfp3g_76000_86000,UYUH7Jmfp3g_76000_86000_sitar_3,0,The object making a sound by being played by the man on the right.,0.361850602833801
UYUH7Jmfp3g_76000_86000,UYUH7Jmfp3g_76000_86000_sitar_2,0,The object making a sound by being played by the person on the right.,0.3622032182233479
UYUH7Jmfp3g_76000_86000,UYUH7Jmfp3g_76000_86000_sitar_4,0,The object being played by the man in black.,0.3627966090348307
8CNsNi5mmSE_58000_68000,8CNsNi5mmSE_58000_68000_pipa_6,0,The item held by the woman on the left.,0.3630413760601624
7pWa_kcAoMg_49000_59000,7pWa_kcAoMg_49000_59000_cello_2,1,the object making a sound by being played by a woman.,0.3630423766497249
UYUH7Jmfp3g_76000_86000,UYUH7Jmfp3g_76000_86000_sitar_5,0,The object being played by the person on the right.,0.36309131015896
UYUH7Jmfp3g_76000_86000,UYUH7Jmfp3g_76000_86000_sitar_6,0,The object being played by the man on the right.,0.3634439525397914
8CNsNi5mmSE_58000_68000,8CNsNi5mmSE_58000_68000_pipa_3,0,The object being held by the woman on the left.,0.3636369382257806
4ZPJ867OBo4_75000_85000,4ZPJ867OBo4_75000_85000_piano_5,2,The sounding entity behind the standing woman.,0.3639338035738841
oVK2QsKq8ak_186000_196000,oVK2QsKq8ak_186000_196000_ukulele_1,3,The object making a sound by being played by the girl.,0.3647431548934642
UYUH7Jmfp3g_76000_86000,UYUH7Jmfp3g_76000_86000_sitar_1,0,The object making a sound by being played by the man in black.,0.3648632968258885
DOe5REXClL8_60000_70000,DOe5REXClL8_60000_70000_accordion_3,3,The object held by the man.,0.3651661157907349
topmJqYT-Ts_1000_11000,topmJqYT-Ts_1000_11000_saxophone_5,0,To the left of the cello_the sounding object stood.,0.3653803763907843
topmJqYT-Ts_1000_11000,topmJqYT-Ts_1000_11000_saxophone_1,0,The object making a sound by being played by the woman on the left.,0.3681291160638552
JgkUToh3HeY_49000_59000,JgkUToh3HeY_49000_59000_pipa_2,0,The object making a sound by being played by the man.,0.3690918396586274
topmJqYT-Ts_1000_11000,topmJqYT-Ts_1000_11000_saxophone_4,0,Controlled by the woman on the left_the object sounded.,0.3719527324829441
f0jKjIOFzAY_225000_235000,f0jKjIOFzAY_225000_235000_cello_4,1,The sounding object to the left of the saxophone.,0.3726115078138254
f0jKjIOFzAY_243000_253000,f0jKjIOFzAY_243000_253000_cello_4,1,The item held by the woman.,0.3731925351939084
DOe5REXClL8_60000_70000,DOe5REXClL8_60000_70000_accordion_2,3,The object making a sound by being played by the man.,0.3770777818504435
topmJqYT-Ts_1000_11000,topmJqYT-Ts_1000_11000_saxophone_6,0,Generating shorter tones than the cello_the object sounded.,0.3773158884473741
topmJqYT-Ts_1000_11000,topmJqYT-Ts_1000_11000_saxophone_2,0,The sounding object on the left of the cello.,0.3803202662609651
puugfzdXYz4_30000_40000,puugfzdXYz4_30000_40000_bass_5,2,Near the sounding man_the sounding object stood.,0.3809440911362735
f0jKjIOFzAY_243000_253000,f0jKjIOFzAY_243000_253000_cello_2,1,The cello being held by the man on the right,0.3816205497032323
f0jKjIOFzAY_243000_253000,f0jKjIOFzAY_243000_253000_cello_5,1,The cello being held by the man to the right.,0.3826255589458812
dRa7aBGnStU_82000_92000,dRa7aBGnStU_82000_92000_handpan_4,1,The instrument being played by the man on the left_producing sound.,0.3828310182757668
topmJqYT-Ts_1000_11000,topmJqYT-Ts_1000_11000_saxophone_3,0,The object making shorter sound duration than the cello.,0.3832510939881708
f0jKjIOFzAY_243000_253000,f0jKjIOFzAY_243000_253000_cello_1,1,The object held by the woman.,0.3839188993095913
hYt2Qf438l8_40000_50000,hYt2Qf438l8_40000_50000_cello_1,0,The first object to make a sound.,0.3849463541826237
EnMdx6V5e6A_22000_32000,EnMdx6V5e6A_22000_32000_hair-dryer_3,0,The hair-dryer being held by the woman.,0.386492765851433
3v7QC6Bl_7E_2000_12000,3v7QC6Bl_7E_2000_12000_marimba_5,0,The entity manipulated by the man.,0.3866377025161828
EnMdx6V5e6A_22000_32000,EnMdx6V5e6A_22000_32000_hair-dryer_2,0,The object that keeps making sound at all times.,0.3872265394248935
CVA8LpBW3Sc_76000_86000,CVA8LpBW3Sc_76000_86000_cello_3,1,The object making a sound by being played by the person on the left.,0.3888448574655291
GG-PF_JxeW4_1640000_1650000,GG-PF_JxeW4_1640000_1650000_woman_1,0,The object making a sound by singing.,0.389800997069297
GG-PF_JxeW4_1640000_1650000,GG-PF_JxeW4_1640000_1650000_woman_4,0,The object generating sound through singing.,0.3905077749986032
puugfzdXYz4_30000_40000,puugfzdXYz4_30000_40000_man_2,1,The object making a sound by singing a song.,0.3923050787464778
CVA8LpBW3Sc_76000_86000,CVA8LpBW3Sc_76000_86000_cello_6,1,The object producing sound under the manipulation of the individual on the left.,0.3931630897118043
JrpAtKkqQ_A_12000_22000,JrpAtKkqQ_A_12000_22000_piano_4,0,The sounding entity to the right of the guitar.,0.3939284421112724
CVA8LpBW3Sc_76000_86000,CVA8LpBW3Sc_76000_86000_cello_2,1,The object making a sound by being played by the woman.,0.3993291363818864
aRSfqLxMISU_499000_509000,aRSfqLxMISU_499000_509000_cello_6,1,The sounding object to the right of the violin.,0.400099606846602
7pWa_kcAoMg_49000_59000,7pWa_kcAoMg_49000_59000_cello_5,1,The object being played by a woman.,0.402647119294107
zstao4nIPmU_250000_260000,zstao4nIPmU_250000_260000_man_5,0,The object emitting sound through speech.,0.4031490195861902
2wmxck5D9Vw_102000_112000,2wmxck5D9Vw_102000_112000_cello_6,1,The entity manipulated by the person on the right.,0.4036125778456702
dVa49WwXzr8_1023000_1033000,dVa49WwXzr8_1023000_1033000_harp_3,0,The object making a sound by being played by the woman.,0.4078543957354513
oVK2QsKq8ak_186000_196000,oVK2QsKq8ak_186000_196000_ukulele_6,2,The object held by the man.,0.4079153354595365
oVK2QsKq8ak_186000_196000,oVK2QsKq8ak_186000_196000_ukulele_3,2,The object was held by the man.,0.4083457484727475
oVK2QsKq8ak_186000_196000,oVK2QsKq8ak_186000_196000_ukulele_2,2,The object making a sound by being played by the man.,0.4083497608580873
S_NJKy7Aoto_266000_276000,S_NJKy7Aoto_266000_276000_sitar_1,0,The sounding object on the right of the tabla.,0.4087042194918595
EuU2PWB1t2g_20000_30000,EuU2PWB1t2g_20000_30000_cello_1,1,The sounding cello.,0.4095136995774062
2wmxck5D9Vw_102000_112000,2wmxck5D9Vw_102000_112000_cello_5,1,The entity manipulated by the man.,0.4097849357231126
mqB05HNR03g_630000_640000,mqB05HNR03g_630000_640000_table_2,0,The object near the sounding women.,0.4117074378756369
iSBtK1T10Ew_415000_425000,iSBtK1T10Ew_415000_425000_piano_4,3,The sounding object positioned behind the flute.,0.4165758399262967
RMF6sp6tWHM_100000_110000,RMF6sp6tWHM_100000_110000_couch_6,1,The object sat upon by the man.,0.4175597132772905
EKM1wu2vXy4_26000_36000,EKM1wu2vXy4_26000_36000_ukulele_1,1,The object making the longest sound duration.,0.4183059334392141
zstao4nIPmU_250000_260000,zstao4nIPmU_250000_260000_man_2,0,The object making a sound by speaking.,0.4185151041764429
LOFX2UVozf8_80000_90000,LOFX2UVozf8_80000_90000_couch_1,0,The couch sat by a man.,0.4185889208183523
FHSoSamzdAY_845000_855000,FHSoSamzdAY_845000_855000_guitar_5,1,The object being played by the man on the left_producing sound.,0.4236724630702023
dUcOkRkz6bA_387000_397000,dUcOkRkz6bA_387000_397000_man_3,6,The object making a sound by singing.,0.4243815524565922
RMF6sp6tWHM_100000_110000,RMF6sp6tWHM_100000_110000_couch_1,1,The black couch.,0.4267629502269258
LdB5pW9c_N4_477000_487000,LdB5pW9c_N4_477000_487000_tabla_1,1,The sounding object far from the sitar.,0.4270884785645795
PL-qv34uGz4_110000_120000,PL-qv34uGz4_110000_120000_vacuum-cleaner_5,0,The perpetually sounding object.,0.4273550180257528
FHSoSamzdAY_845000_855000,FHSoSamzdAY_845000_855000_guitar_2,1,The object making a sound by being played by the man on the left.,0.4292442627437123
RMF6sp6tWHM_100000_110000,RMF6sp6tWHM_100000_110000_couch_3,1,The object being sat by the man.,0.4335623740757682
ehlPuuiNEd8_376000_386000,ehlPuuiNEd8_376000_386000_guzheng_6,2,The sounding item near the pipa.,0.4345076590083853
9xp46AwF9BY_38000_48000,9xp46AwF9BY_38000_48000_violin_6,6,The object being played by the man on the left.,0.434713777865755
dVa49WwXzr8_1023000_1033000,dVa49WwXzr8_1023000_1033000_harp_1,0,The object making a sound by being played by the player seated.,0.4350565686450965
Pe1LuVFTczE_106000_116000,Pe1LuVFTczE_106000_116000_guitar_5,0,The entity producing sound through being played by the man.,0.4356664638637459
PL-qv34uGz4_110000_120000,PL-qv34uGz4_110000_120000_vacuum-cleaner_1,0,The sounding object.,0.4357742423779226
2GSMIkobu5A_50000_60000,2GSMIkobu5A_50000_60000_harp_5,0,The sounding entity to the left of the marimba.,0.4358289863942127
PL-qv34uGz4_110000_120000,PL-qv34uGz4_110000_120000_vacuum-cleaner_4,0,The source of the sound.,0.436030202943172
DQ1ipAzV9Gk_380000_390000,DQ1ipAzV9Gk_380000_390000_boy_6,0,The boy conversing with the woman.,0.4360584783966862
DQ1ipAzV9Gk_380000_390000,DQ1ipAzV9Gk_380000_390000_boy_3,0,The boy speaks to the woman.,0.4365470875847205
PL-qv34uGz4_110000_120000,PL-qv34uGz4_110000_120000_vacuum-cleaner_2,0,The object that keeps making sound at all times.,0.4380481615061636
OFgcrlxku9g_160000_170000,OFgcrlxku9g_160000_170000_cello_2,2,The object making a sound by being played by the woman.,0.4384426592925502
3v7QC6Bl_7E_2000_12000,3v7QC6Bl_7E_2000_12000_marimba_2,0,The object making a sound by being played by the man.,0.4384614937199206
aRSfqLxMISU_499000_509000,aRSfqLxMISU_499000_509000_cello_4,1,The object being played by the man on the right.,0.4391083806105503
GG-PF_JxeW4_1640000_1650000,GG-PF_JxeW4_1640000_1650000_piano_4,1,The sounding entity positioned to the right of the woman.,0.4398626849507363
sV1o5VmL-9g_824000_834000,sV1o5VmL-9g_824000_834000_man_1,0,The first object to make a sound.,0.4400632007041739
PL-qv34uGz4_110000_120000,PL-qv34uGz4_110000_120000_vacuum-cleaner_6,0,The entity emitting the most intense sound.,0.4403870804050953
Pe1LuVFTczE_106000_116000,Pe1LuVFTczE_106000_116000_guitar_2,0,The object making a sound by being played by the man.,0.4404314296074588
2wmxck5D9Vw_102000_112000,2wmxck5D9Vw_102000_112000_cello_3,1,The object making a sound by being played by the person on the right.,0.4417457097970393
2wmxck5D9Vw_102000_112000,2wmxck5D9Vw_102000_112000_cello_2,1,The object making a sound by being played by the man.,0.4420094447471659
cmNI6jiMKik_46000_56000,cmNI6jiMKik_46000_56000_piano_1,2,The object making a sound by bing played by the woman.,0.4422994856955619
dVa49WwXzr8_1023000_1033000,dVa49WwXzr8_1023000_1033000_harp_4,0,The object being played by the seated player_creating sound.,0.4426184284312502
LOFX2UVozf8_80000_90000,LOFX2UVozf8_80000_90000_couch_2,0,The couch seated by the man.,0.4433277804257291
dVa49WwXzr8_1023000_1033000,dVa49WwXzr8_1023000_1033000_harp_5,0,The sounding item close to the seated individual.,0.4435255938573187
fTobKZBbMos_2000_12000,fTobKZBbMos_2000_12000_ukulele_6,1,The item held by the boy.,0.4435498163193211
dVa49WwXzr8_1023000_1033000,dVa49WwXzr8_1023000_1033000_harp_6,0,The instrument being played by the woman_emitting sound.,0.4443550472573633
fTobKZBbMos_2000_12000,fTobKZBbMos_2000_12000_ukulele_1,1,The object making a sound by being played by the boy.,0.4448972935979586
3v7QC6Bl_7E_2000_12000,3v7QC6Bl_7E_2000_12000_marimba_4,0,The source of the audio.,0.4465033234737586
fTobKZBbMos_2000_12000,fTobKZBbMos_2000_12000_ukulele_3,1,The object held by the boy.,0.4474462112233621
aRSfqLxMISU_499000_509000,aRSfqLxMISU_499000_509000_cello_5,1,The object being played by the seated player.,0.4475150125440025
4ZPJ867OBo4_75000_85000,4ZPJ867OBo4_75000_85000_piano_4,2,The entity manipulated by the woman seated on the left.,0.4481887819967959
fTobKZBbMos_2000_12000,fTobKZBbMos_2000_12000_boy_6,0,The item seated on the chair.,0.4525409058545707
dVa49WwXzr8_1023000_1033000,dVa49WwXzr8_1023000_1033000_harp_2,0,The sounding object near the sitting person.,0.4546328863958471
LdB5pW9c_N4_477000_487000,LdB5pW9c_N4_477000_487000_tabla_2,1,The object making a sound by being played by the person on the left.,0.4553653594945113
oP550FUJxUA_97000_107000,oP550FUJxUA_97000_107000_sitar_2,0,The sounding object on the right of the sounding tabla.,0.4563281926236161
8CNsNi5mmSE_58000_68000,8CNsNi5mmSE_58000_68000_guzheng_6,1,The sounding entity to the right of the pipa.,0.4581365697331188
mqB05HNR03g_630000_640000,mqB05HNR03g_630000_640000_table_3,0,The object that the arms are on.,0.458344565925065
LdB5pW9c_N4_477000_487000,LdB5pW9c_N4_477000_487000_tabla_5,1,The object being played by the individual on the left.,0.4584708710643196
ehlPuuiNEd8_376000_386000,ehlPuuiNEd8_376000_386000_guzheng_3,2,The sounding object near the pipa.,0.4594914527017533
PL-qv34uGz4_110000_120000,PL-qv34uGz4_110000_120000_vacuum-cleaner_3,0,The object making the loudest sound.,0.4602295662606798
TCcD-vOUtNc_99000_109000,TCcD-vOUtNc_99000_109000_harp_3,0,the brown harp.,0.4618427597849804
9RjnpAQXLk8_60000_70000,9RjnpAQXLk8_60000_70000_harp_5,0,The gradual decrease in volume of the object.,0.4631325841089659
f0jKjIOFzAY_225000_235000,f0jKjIOFzAY_225000_235000_cello_6,1,The instrument being played by the woman_emitting sound.,0.4639345366178261
8CNsNi5mmSE_58000_68000,8CNsNi5mmSE_58000_68000_guzheng_3,1,The sounding object on the right of the pipa.,0.4659608874946268
Bq_d0kJRs4k_136000_146000,Bq_d0kJRs4k_136000_146000_hair-dryer_6,1,The object with the lengthiest duration of sound.,0.4661403773618752
8CNsNi5mmSE_58000_68000,8CNsNi5mmSE_58000_68000_guzheng_4,1,The object being played by the individual on the right.,0.4662992435376563
8CNsNi5mmSE_58000_68000,8CNsNi5mmSE_58000_68000_guzheng_5,1,The object being played by the girl on the right.,0.4663757126567517
JrpAtKkqQ_A_12000_22000,JrpAtKkqQ_A_12000_22000_piano_2,0,The object making a sound by being played by the man on the right.,0.4666473315089933
2GSMIkobu5A_50000_60000,2GSMIkobu5A_50000_60000_harp_6,0,The sounding entity to the left of the piano.,0.4674358598085056
zPMUL7f4OOU_420000_430000,zPMUL7f4OOU_420000_430000_man_1,6,The object making a sound by playing the cello.,0.4675930730254835
LOFX2UVozf8_80000_90000,LOFX2UVozf8_80000_90000_couch_4,0,The sofa occupied by a man.,0.469223670712269
r4NdM595K5c_40000_50000,r4NdM595K5c_40000_50000_guitar_1,0,The sounding object on the right of the flute.,0.4724216748232012
8CNsNi5mmSE_58000_68000,8CNsNi5mmSE_58000_68000_guzheng_2,1,The object making a sound by being played by the girl on the right.,0.4725226218961971
9RjnpAQXLk8_60000_70000,9RjnpAQXLk8_60000_70000_harp_6,0,The sounding object to the left of the marimba.,0.4759190054879971
JrpAtKkqQ_A_12000_22000,JrpAtKkqQ_A_12000_22000_piano_5,0,The object being played by the man on the right.,0.47622701836451
bOk44oZePqw_290000_300000,bOk44oZePqw_290000_300000_hair-dryer_3,1,The object that keeps making sound at all times.,0.4768896641120443
S_NJKy7Aoto_266000_276000,S_NJKy7Aoto_266000_276000_sitar_4,0,The sounding object to the right of the tabla.,0.4773953263163599
2GSMIkobu5A_50000_60000,2GSMIkobu5A_50000_60000_harp_4,0,The entity producing sound through the woman's manipulation.,0.4794749728337039
2Rs4M5zBQrc_10000_20000,2Rs4M5zBQrc_10000_20000_boy_4,0,The entity emitting the most robust sound.,0.4802986216652504
D7ooQu528mk_30000_40000,D7ooQu528mk_30000_40000_keyboard_4,0,The object emitting sound through tapping by individuals.,0.4810239618336983
bOk44oZePqw_290000_300000,bOk44oZePqw_290000_300000_hair-dryer_2,1,The object making a sound by held by the man.,0.481342237774613
bOk44oZePqw_290000_300000,bOk44oZePqw_290000_300000_hair-dryer_5,1,The item creating sound while held by the man.,0.4823219079743081
56_Unf49ZyM_50000_60000,56_Unf49ZyM_50000_60000_guzheng_2,1,The sounding object on the right of the pipa.,0.4832519501439378
4ZPJ867OBo4_75000_85000,4ZPJ867OBo4_75000_85000_piano_1,2,The object making a sound by being played by a woman sitting on the left.,0.4837006451601602
8CNsNi5mmSE_58000_68000,8CNsNi5mmSE_58000_68000_guzheng_1,1,the object making a sound by being played by the person on the right.,0.4837819474821604
p2u4OJKqMxE_130000_140000,p2u4OJKqMxE_130000_140000_saxophone_6,2,Controlled by the person farthest to the left_the instrument echoed.,0.4842172339558126
LOFX2UVozf8_80000_90000,LOFX2UVozf8_80000_90000_couch_5,0,The sofa seated by the man.,0.4847956040460528
aZenX0O9A7A_91000_101000,aZenX0O9A7A_91000_101000_bass_5,0,The object producing the fastest rhythm.,0.484961579572139
2QAev97bk0c_75000_85000,2QAev97bk0c_75000_85000_woman_1,0,The object making a sound by playing the pipa.,0.4856625530331485
tMorLZku6Pc_194000_204000,tMorLZku6Pc_194000_204000_sitar_3,0,The sounding object on the right of the tablas.,0.4857671283076062
Bq_d0kJRs4k_136000_146000,Bq_d0kJRs4k_136000_146000_hair-dryer_3,1,The object making the longest sound duration.,0.4858400086117665
wrdAEmNvEj4_831000_841000,wrdAEmNvEj4_831000_841000_car_2,2,The black car.,0.4864755031080822
948s7w-mFs8_457000_467000,948s7w-mFs8_457000_467000_razor_4,0,The initial sound-producing entity.,0.4876185941292502
D7ooQu528mk_30000_40000,D7ooQu528mk_30000_40000_keyboard_1,0,The object making a sound by being tapped by the people.,0.4896160384536273
LdB5pW9c_N4_477000_487000,LdB5pW9c_N4_477000_487000_tabla_4,1,The sounding entity distant from the sitar.,0.4905010839031498
QNiHU290owU_55000_65000,QNiHU290owU_55000_65000_marimba_2,1,The first object to make a sound.,0.4938132463640097
QHcG-FDM75Q_113000_123000,QHcG-FDM75Q_113000_123000_cello_6,1,The entity held by the man on the right.,0.4960995494136178
9RjnpAQXLk8_60000_70000,9RjnpAQXLk8_60000_70000_harp_4,0,The object being played by the man on the left.,0.4970046361547842
QNiHU290owU_55000_65000,QNiHU290owU_55000_65000_marimba_1,1,The sounding object.,0.4975770441776229
JStvWj9GKhQ_14000_24000,JStvWj9GKhQ_14000_24000_cello_2,0,The object making a sound by being played by the man.,0.4980382366418148
56_Unf49ZyM_50000_60000,56_Unf49ZyM_50000_60000_guzheng_3,1,The sounding object near the woman on the right.,0.4984088130227723
Bq_d0kJRs4k_136000_146000,Bq_d0kJRs4k_136000_146000_hair-dryer_2,1,The last object to make a sound.,0.4988136490590245
EuU2PWB1t2g_20000_30000,EuU2PWB1t2g_20000_30000_piano_3,0,The object making the intermittent sound.,1.2280486307257768e-05
LIUU1ZmIljc_480000_490000,LIUU1ZmIljc_480000_490000_marimba_1,3,The object making the loudest sound.,1.232134056185313e-05
9scT0XNxmVw_330000_340000,9scT0XNxmVw_330000_340000_couch_3,1,The object under the sounding woman.,1.5257857796765334e-05
-3ABOVeVmpU_136000_146000,-3ABOVeVmpU_136000_146000_piano_4,1,The perpetual noise-emitting entity.,1.7590149516270888e-05
BRAQLY85x5U_75000_85000,BRAQLY85x5U_75000_85000_chair_5,9,The chair being seated by the woman playing the harp.,2.42600679281902e-05
p2u4OJKqMxE_130000_140000,p2u4OJKqMxE_130000_140000_cello_5,1,The man with long hair played the instrument.,2.4685262898049865e-05
4HXvK9zcoyk_70000_80000,4HXvK9zcoyk_70000_80000_bass_4,1,The entity emitting the lowest sound.,2.9824038174768865e-05
79T0FclnIDw_0_10000,79T0FclnIDw_0_10000_boy_5,0,The entity emitting sound through interaction with the woman.,3.050640634533252e-05
vOj00VJiBuk_10000_20000,vOj00VJiBuk_10000_20000_chair_6,5,Seated by the girl on the right_the chair sounded.,3.423875827436658e-05
vOj00VJiBuk_10000_20000,vOj00VJiBuk_10000_20000_chair_2,5,The chair sat by a woman.,4.636845227192587e-05
-3ABOVeVmpU_136000_146000,-3ABOVeVmpU_136000_146000_piano_2,1,The sounding object on the right of the woman.,4.715868898844612e-05
sHyhvtLTCbo_10000_20000,sHyhvtLTCbo_10000_20000_chair_6,1,The man played the piano while seated on the chair.,5.2984811020840695e-05
4YLjVRZHoZI_1750000_1760000,4YLjVRZHoZI_1750000_1760000_violin_5,9,The entity's rhythm decelerates gradually.,6.086427267194157e-05
pNV8MKNqOkI_20000_30000,pNV8MKNqOkI_20000_30000_guitar_4,2,A man in a gray shirt played the guitar.,6.127450980392157e-05
EXjmfFyOAqA_30000_40000,EXjmfFyOAqA_30000_40000_flute_2,2,The object that making a sound before the ukulele.,6.377551020408162e-05
LIUU1ZmIljc_480000_490000,LIUU1ZmIljc_480000_490000_marimba_2,3,The object making louder sound than the piano.,6.41025641025641e-06
FMx1BqhCDIk_90000_100000,FMx1BqhCDIk_90000_100000_couch_1,2,The couch sit by a man.,6.4541112688782745e-06
LIUU1ZmIljc_270000_280000,LIUU1ZmIljc_270000_280000_marimba_3,5,The object making a sound by being played by a standing woman.,6.666666666666667e-05
p5uRwtw7S3E_243000_253000,p5uRwtw7S3E_243000_253000_cello_4,2,The woman played the instrument.,7.876082961407194e-05
2VqnoV67t0g_290000_300000,2VqnoV67t0g_290000_300000_marimba_2,4,The object making a sound by being beaten by a woman.,8.570816370259267e-05
